PERIOD_START_TIME;PLMN name;RNC name;WBTS name;WBTS ID;WCEL name;WCEL ID;TT_UMTS_CS_NQI;TT_UMTS_PS_NQI_V1;TT_UMTS_CS_ACCESSIBILITY;TT_UMTS_CS_RETAINABILITY;TT_UMTS_PS_ACCESSIBILITY;TT_UMTS_PS_RETAINABILITY;AMR Call Setup Success Ratio (CSSR) - network view;CSSR PS NRT;HSDPA Resource Accessibility for NRT Traffic;HSUPA res acc NRT traf;Voice_CDR_Avea;R99_Data_DCR_Avea;HSDPA_DCR_Avea;PS_Retainability_Avea;Soft HO Success Rate;Inter sys RT Hard HO SR;Total CS traffic - Erl;Total_PS_Traffic_Avea;Cell Availability, excluding blocked by user state (BLU);TT_UMTS_RRC_DR;TT_UMTS_PS_RRC_EST_SR;TT_UMTS_PS_RAB_EST_SR;TT_UMTS_PS_RAB_DR;TT_UMTS_CS_RRC_EST_SR;TT_UMTS_CS_RAB_EST_SR;TT_UMTS_CS_RAB_DR;TT_UMTS_HHO_SR;TT_UMTS_SHO_SR;Avg reported CQI;Average RTWP;Pag Cell PCH SR
03.23.2017 00:00:00;NN(100000);NDIYK06;WSU6483;6483;WSU6483C;64831;100.00;95.96;100.00;100.00;97.46;98.45;100.00;97.89;99.58;99.60;0.00;0.00;0.11;2;100.00;;0.07;1.05;100.00;5.59;97.92;99.53;1.55;100.00;100.00;0.00;100.00;100.00;24.56;-101.67;90.45,
03.23.2017 00:00:00;NN(100000);NDIYK06;WSU6483;6483;WSU6483F;64832;100.00;94.26;100.00;100.00;94.26;100.00;100.00;94.12;99.62;99.84;0.00;0.00;0.00;0;100.00;100.00;1.07;0.35;100.00;7.32;94.74;99.50;0.00;100.00;100.00;0.00;100.00;100.00;22.42;-104.95;93.92,
03.23.2017 00:00:00;NN(100000);NDIYK06;WSU6483;6483;WSU6483I;64833;0.00;99.82;0.00;100.00;99.82;100.00;;100.00;99.83;99.85;0.00;10.71;0.00;0;99.63;100.00;0.03;0.26;100.00;0.00;100.00;99.82;0.00;0.00;100.00;0.00;100.00;99.63;23.69;-106.24;99.00,
03.23.2017 00:00:00;NN(100000);NDIYK06;WSU6483;6483;WSU6483B;64830;75.00;95.18;75.00;100.00;96.45;98.68;75.00;97.27;99.56;99.62;0.00;0.57;0.08;1;100.00;100.00;0.19;1.06;100.00;7.37;96.89;99.55;1.32;75.00;100.00;0.00;94.44;100.00;24.09;-102.00;90.39,
03.23.2017 00:00:00;NN(100000);NDIYK06;WSU6483;6483;WSU6483E;64835;100.00;99.12;100.00;100.00;99.12;100.00;100.00;100.00;99.35;99.76;0.00;7.14;0.47;0;100.00;;0.02;0.14;100.00;2.27;100.00;99.12;0.00;100.00;100.00;0.00;50.00;100.00;22.35;-104.60;88.95,
03.23.2017 00:00:00;NN(100000);NDIYK06;WSU6483;6483;WSU6483K;59492;0.00;89.80;0.00;100.00;89.80;100.00;;90.91;98.10;98.72;;0.00;1.33;0;100.00;;0.00;0.04;100.00;0.00;91.67;97.96;0.00;0.00;0.00;0.00;0.00;100.00;17.74;-106.34;97.92,
03.23.2017 00:00:00;NN(100000);NDIYK06;WSU6483;6483;WSU6483D;64837;100.00;100.00;100.00;100.00;100.00;100.00;100.00;100.00;99.35;99.85;0.00;15.38;0.00;0;100.00;;1.02;0.22;100.00;0.28;100.00;100.00;0.00;100.00;100.00;0.00;0.00;100.00;22.06;-104.35;85.05,
03.23.2017 00:00:00;NN(100000);NDIYK06;WSU6483;6483;WSU6483G;64838;100.00;99.15;100.00;100.00;99.15;100.00;100.00;100.00;98.96;99.17;0.00;1.42;0.52;0;100.00;;0.11;0.36;100.00;2.65;100.00;99.15;0.00;100.00;100.00;0.00;100.00;100.00;18.33;-105.09;96.17,
03.23.2017 00:00:00;NN(100000);NDIYK06;WSU6483;6483;WSU6483H;64839;0.00;81.80;0.00;100.00;99.33;82.35;;100.00;99.29;99.39;0.00;1.08;0.00;18;100.00;;0.03;0.68;100.00;10.71;100.00;99.33;17.65;0.00;100.00;0.00;100.00;100.00;21.07;-106.02;99.57,
03.23.2017 00:00:00;NN(100000);NDIYK06;WSU6483;6483;WSU6483L;59493;0.00;98.11;0.00;100.00;98.11;100.00;;100.00;98.39;98.44;;0.00;0.00;0;100.00;;0.00;0.07;100.00;0.00;100.00;98.11;0.00;100.00;0.00;0.00;100.00;100.00;22.98;-106.35;98.82,
03.23.2017 00:00:00;NN(100000);NDIYK06;WSU6483;6483;WSU6483J;59491;0.00;99.50;0.00;100.00;99.50;100.00;;100.00;98.72;99.35;;4.76;1.94;0;100.00;;0.00;0.04;100.00;0.00;100.00;99.50;0.00;0.00;0.00;0.00;0.00;100.00;17.17;-105.02;94.20,
03.23.2017 00:00:00;NN(100000);NDIYK06;WSU6483;6483;WSU6483A;64836;87.91;95.21;87.91;100.00;97.27;97.88;87.91;98.04;99.35;99.37;0.00;0.79;0.08;2;100.00;;0.05;1.31;100.00;4.03;98.39;98.87;2.12;92.31;95.24;0.00;100.00;100.00;24.06;-100.82;87.57,
03.23.2017 01:00:00;NN(100000);NDIYK06;WSU6483;6483;WSU6483C;64831;100.00;96.58;100.00;100.00;96.58;100.00;100.00;96.97;99.80;99.80;0.00;0.00;0.09;0;100.00;;0.07;0.64;100.00;2.67;97.37;99.19;0.00;100.00;100.00;0.00;100.00;100.00;25.72;-102.33;94.29,
03.23.2017 01:00:00;NN(100000);NDIYK06;WSU6483;6483;WSU6483F;64832;0.00;99.62;0.00;100.00;99.62;100.00;;100.00;99.67;99.86;;0.00;0.00;0;100.00;;0.00;0.27;100.00;0.00;100.00;99.62;0.00;0.00;0.00;0.00;0.00;100.00;24.27;-105.23;88.24,
03.23.2017 01:00:00;NN(100000);NDIYK06;WSU6483;6483;WSU6483I;64833;100.00;99.42;100.00;100.00;99.42;100.00;100.00;100.00;100.00;100.00;0.00;0.00;0.00;0;100.00;;0.04;0.10;100.00;0.00;100.00;99.42;0.00;100.00;100.00;0.00;100.00;100.00;22.54;-106.41;96.59,
03.23.2017 01:00:00;NN(100000);NDIYK06;WSU6483;6483;WSU6483B;64830;100.00;95.92;100.00;100.00;95.92;100.00;100.00;96.09;99.93;99.93;0.00;0.00;0.11;0;100.00;100.00;0.03;0.74;100.00;0.83;96.09;99.82;0.00;100.00;100.00;0.00;100.00;100.00;25.29;-102.57;92.46,
03.23.2017 01:00:00;NN(100000);NDIYK06;WSU6483;6483;WSU6483E;64835;0.00;98.71;0.00;100.00;98.71;100.00;;100.00;99.06;99.66;;0.00;0.00;0;100.00;;0.00;0.09;100.00;5.00;100.00;98.71;0.00;0.00;0.00;0.00;0.00;100.00;23.80;-104.93;87.18,
03.23.2017 01:00:00;NN(100000);NDIYK06;WSU6483;6483;WSU6483K;59492;0.00;82.11;0.00;100.00;98.53;83.33;;100.00;98.82;99.02;;0.00;0.00;17;100.00;;0.00;0.01;100.00;9.09;100.00;98.53;16.67;0.00;0.00;0.00;100.00;100.00;18.69;-106.47;100.00,
03.23.2017 01:00:00;NN(100000);NDIYK06;WSU6483;6483;WSU6483D;64837;100.00;96.15;100.00;100.00;96.15;100.00;100.00;95.83;100.00;100.00;0.00;0.00;0.00;0;100.00;;0.03;0.08;100.00;0.00;96.15;100.00;0.00;100.00;100.00;0.00;0.00;100.00;24.16;-104.99;89.95,
03.23.2017 01:00:00;NN(100000);NDIYK06;WSU6483;6483;WSU6483G;64838;100.00;99.82;100.00;100.00;99.82;100.00;100.00;100.00;99.64;99.68;0.00;18.18;0.00;0;99.71;;0.02;0.47;100.00;0.00;100.00;99.82;0.00;100.00;100.00;0.00;100.00;99.71;18.00;-106.12;97.48,
03.23.2017 01:00:00;NN(100000);NDIYK06;WSU6483;6483;WSU6483H;64839;0.00;74.35;0.00;100.00;74.35;100.00;;75.00;99.14;99.07;0.00;100.00;0.37;0;99.66;100.00;0.03;0.11;100.00;0.00;75.00;99.13;0.00;0.00;0.00;0.00;0.00;99.66;22.54;-106.04;97.02,
03.23.2017 01:00:00;NN(100000);NDIYK06;WSU6483;6483;WSU6483L;59493;0.00;100.00;0.00;100.00;100.00;100.00;;100.00;100.00;100.00;;0.00;2.70;0;100.00;;0.00;0.02;100.00;0.00;100.00;100.00;0.00;0.00;0.00;0.00;100.00;100.00;20.34;-106.33;95.45,
03.23.2017 01:00:00;NN(100000);NDIYK06;WSU6483;6483;WSU6483J;59491;0.00;73.71;0.00;100.00;98.28;75.00;;100.00;97.62;98.45;;4.17;0.00;25;100.00;;0.00;0.03;100.00;5.88;100.00;98.28;25.00;0.00;0.00;0.00;0.00;100.00;18.17;-105.49;105.00,
03.23.2017 01:00:00;NN(100000);NDIYK06;WSU6483;6483;WSU6483A;64836;86.67;97.72;86.67;100.00;98.26;99.45;86.67;98.88;99.48;99.49;0.00;0.00;0.07;1;100.00;100.00;0.03;0.72;100.00;3.79;99.08;99.17;0.55;100.00;86.67;0.00;100.00;100.00;24.86;-102.55;87.64,
03.23.2017 02:00:00;NN(100000);NDIYK06;WSU6483;6483;WSU6483C;64831;100.00;94.38;100.00;100.00;94.38;100.00;100.00;94.67;99.64;99.65;0.00;0.00;0.07;0;100.00;;0.07;0.44;100.00;0.65;94.74;99.63;0.00;100.00;100.00;0.00;100.00;100.00;25.99;-102.63;95.92,
03.23.2017 02:00:00;NN(100000);NDIYK06;WSU6483;6483;WSU6483F;64832;0.00;100.00;0.00;100.00;100.00;100.00;;100.00;100.00;100.00;;0.00;0.00;0;100.00;;0.00;0.03;100.00;0.00;100.00;100.00;0.00;0.00;0.00;0.00;0.00;100.00;22.49;-105.44;97.00,
03.23.2017 02:00:00;NN(100000);NDIYK06;WSU6483;6483;WSU6483I;64833;0.00;0.00;0.00;100.00;0.00;100.00;;;99.28;99.46;;;0.00;0;100.00;;0.00;0.01;100.00;0.00;100.00;0.00;0.00;0.00;0.00;0.00;0.00;100.00;22.61;-106.48;100.00,
03.23.2017 02:00:00;NN(100000);NDIYK06;WSU6483;6483;WSU6483B;64830;0.00;93.80;0.00;100.00;94.68;99.07;;96.43;99.76;99.77;0.00;0.00;0.03;1;100.00;;0.01;0.48;100.00;0.75;94.92;99.75;0.93;0.00;100.00;0.00;100.00;100.00;26.13;-103.13;94.88,
03.23.2017 02:00:00;NN(100000);NDIYK06;WSU6483;6483;WSU6483E;64835;0.00;98.71;0.00;100.00;98.71;100.00;;;99.24;99.68;0.00;0.00;0.52;0;100.00;;0.03;0.01;100.00;0.00;100.00;98.71;0.00;0.00;100.00;0.00;0.00;100.00;21.01;-105.45;83.87,
03.23.2017 02:00:00;NN(100000);NDIYK06;WSU6483;6483;WSU6483K;59492;0.00;0.00;0.00;100.00;0.00;100.00;;;100.00;100.00;;;;;100.00;;0.00;0.00;100.00;0.00;0.00;0.00;0.00;0.00;0.00;0.00;0.00;100.00;19.30;-106.50;96.43,
03.23.2017 02:00:00;NN(100000);NDIYK06;WSU6483;6483;WSU6483D;64837;100.00;100.00;100.00;100.00;100.00;100.00;100.00;100.00;100.00;100.00;0.00;0.00;0.00;0;100.00;;0.12;0.04;100.00;3.20;100.00;100.00;0.00;100.00;100.00;0.00;0.00;100.00;21.84;-105.16;91.05,
03.23.2017 02:00:00;NN(100000);NDIYK06;WSU6483;6483;WSU6483G;64838;0.00;100.00;0.00;100.00;100.00;100.00;;100.00;100.00;99.80;;0.00;0.27;0;100.00;;0.00;0.23;100.00;0.00;100.00;100.00;0.00;0.00;0.00;0.00;100.00;100.00;18.27;-106.18;99.09,
03.23.2017 02:00:00;NN(100000);NDIYK06;WSU6483;6483;WSU6483H;64839;0.00;0.00;0.00;0.00;0.00;100.00;;;99.51;99.59;100.00;0.00;0.00;0;100.00;;0.14;0.02;100.00;33.33;100.00;0.00;0.00;0.00;0.00;100.00;0.00;100.00;22.46;-106.39;99.09,
03.23.2017 02:00:00;NN(100000);NDIYK06;WSU6483;6483;WSU6483L;59493;0.00;0.00;0.00;100.00;0.00;100.00;;;100.00;100.00;;0.00;0.00;;100.00;;0.00;0.00;100.00;0.00;0.00;0.00;0.00;0.00;0.00;0.00;0.00;100.00;17.20;-106.50;103.45,
03.23.2017 02:00:00;NN(100000);NDIYK06;WSU6483;6483;WSU6483J;59491;0.00;100.00;0.00;100.00;100.00;100.00;;100.00;100.00;100.00;;33.33;0.00;0;99.37;;0.00;0.01;100.00;0.00;100.00;100.00;0.00;0.00;0.00;0.00;0.00;99.37;20.86;-105.49;100.00,
03.23.2017 02:00:00;NN(100000);NDIYK06;WSU6483;6483;WSU6483A;64836;100.00;98.41;100.00;100.00;98.67;99.74;100.00;98.87;99.79;99.80;0.00;0.00;0.03;0;100.00;;0.04;0.56;100.00;3.76;98.88;99.78;0.26;100.00;100.00;0.00;100.00;100.00;25.69;-102.19;92.74,
03.23.2017 03:00:00;NN(100000);NDIYK06;WSU6483;6483;WSU6483C;64831;0.00;99.91;0.00;100.00;99.91;100.00;;100.00;99.91;99.92;;0.00;0.04;0;100.00;;0.00;0.35;100.00;0.00;100.00;99.91;0.00;0.00;0.00;0.00;0.00;100.00;26.32;-102.68;97.74,
03.23.2017 03:00:00;NN(100000);NDIYK06;WSU6483;6483;WSU6483F;64832;0.00;87.50;0.00;100.00;100.00;87.50;;100.00;100.00;100.00;;0.00;0.00;12;100.00;;0.00;0.02;100.00;8.33;100.00;100.00;12.50;0.00;0.00;0.00;0.00;100.00;22.31;-105.46;94.87,
03.23.2017 03:00:00;NN(100000);NDIYK06;WSU6483;6483;WSU6483I;64833;0.00;100.00;0.00;100.00;100.00;100.00;;100.00;100.00;100.00;;0.00;0.00;0;100.00;;0.00;0.00;100.00;0.00;100.00;100.00;0.00;0.00;0.00;0.00;0.00;100.00;23.01;-106.49;98.57,
03.23.2017 03:00:00;NN(100000);NDIYK06;WSU6483;6483;WSU6483B;64830;0.00;95.62;0.00;100.00;95.62;100.00;;97.83;99.87;99.88;;0.00;0.04;0;100.00;;0.00;0.29;100.00;0.00;95.74;99.87;0.00;0.00;100.00;0.00;100.00;100.00;26.49;-103.19;96.84,
03.23.2017 03:00:00;NN(100000);NDIYK06;WSU6483;6483;WSU6483E;64835;100.00;97.48;100.00;100.00;97.48;100.00;100.00;100.00;98.09;99.00;0.00;0.00;0.00;0;100.00;;0.01;0.05;100.00;0.00;100.00;97.48;0.00;100.00;100.00;0.00;0.00;100.00;21.05;-105.38;84.62,
03.23.2017 03:00:00;NN(100000);NDIYK06;WSU6483;6483;WSU6483K;59492;0.00;87.50;0.00;100.00;87.50;100.00;;87.50;100.00;100.00;;;;0;100.00;;0.00;0.00;100.00;0.00;87.50;100.00;0.00;0.00;0.00;0.00;0.00;100.00;18.51;-106.50;100.00,
03.23.2017 03:00:00;NN(100000);NDIYK06;WSU6483;6483;WSU6483D;64837;100.00;100.00;100.00;100.00;100.00;100.00;100.00;100.00;100.00;100.00;0.00;0.00;0.00;0;100.00;;0.02;0.07;100.00;0.00;100.00;100.00;0.00;100.00;100.00;0.00;0.00;100.00;22.17;-105.34;95.02,
03.23.2017 03:00:00;NN(100000);NDIYK06;WSU6483;6483;WSU6483G;64838;100.00;0.00;100.00;100.00;0.00;100.00;100.00;;100.00;100.00;0.00;0.00;0.00;0;100.00;;0.01;0.00;100.00;0.00;0.00;100.00;0.00;100.00;100.00;0.00;0.00;100.00;22.54;-106.44;98.15,
03.23.2017 03:00:00;NN(100000);NDIYK06;WSU6483;6483;WSU6483H;64839;0.00;100.00;0.00;100.00;100.00;100.00;;100.00;100.00;100.00;;;0.00;0;100.00;;0.00;0.00;100.00;0.00;100.00;100.00;0.00;0.00;0.00;0.00;0.00;100.00;22.91;-106.49;100.00,
03.23.2017 03:00:00;NN(100000);NDIYK06;WSU6483;6483;WSU6483L;59493;0.00;0.00;0.00;100.00;0.00;100.00;;;100.00;100.00;;;0.00;;100.00;;0.00;0.00;100.00;0.00;0.00;0.00;0.00;0.00;0.00;0.00;0.00;100.00;14.84;-106.50;100.00,
03.23.2017 03:00:00;NN(100000);NDIYK06;WSU6483;6483;WSU6483J;59491;0.00;100.00;0.00;100.00;100.00;100.00;;100.00;100.00;100.00;;0.00;0.00;0;100.00;;0.00;0.00;100.00;0.00;100.00;100.00;0.00;0.00;0.00;0.00;0.00;100.00;17.68;-105.50;100.00,
03.23.2017 03:00:00;NN(100000);NDIYK06;WSU6483;6483;WSU6483A;64836;100.00;99.59;100.00;100.00;99.59;100.00;100.00;99.70;99.90;99.90;0.00;0.00;0.03;0;100.00;;0.00;0.30;100.00;1.98;99.69;99.90;0.00;100.00;100.00;0.00;100.00;100.00;26.44;-103.20;92.61,
03.23.2017 04:00:00;NN(100000);NDIYK06;WSU6483;6483;WSU6483C;64831;0.00;95.51;0.00;100.00;96.40;99.07;;98.46;99.73;99.74;;0.00;0.05;1;100.00;;0.00;0.15;100.00;0.74;96.67;99.72;0.93;0.00;0.00;0.00;0.00;100.00;26.22;-102.40;97.22,
03.23.2017 04:00:00;NN(100000);NDIYK06;WSU6483;6483;WSU6483F;64832;0.00;100.00;0.00;100.00;100.00;100.00;;100.00;100.00;100.00;;0.00;0.00;0;100.00;;0.00;0.00;100.00;0.00;100.00;100.00;0.00;0.00;0.00;0.00;0.00;100.00;23.55;-105.45;94.29,
03.23.2017 04:00:00;NN(100000);NDIYK06;WSU6483;6483;WSU6483I;64833;0.00;100.00;0.00;100.00;100.00;100.00;;100.00;100.00;100.00;;0.00;0.00;0;100.00;;0.00;0.00;100.00;0.00;100.00;100.00;0.00;0.00;0.00;0.00;0.00;100.00;24.35;-106.49;100.00,
03.23.2017 04:00:00;NN(100000);NDIYK06;WSU6483;6483;WSU6483B;64830;0.00;99.70;0.00;100.00;99.70;100.00;;100.00;99.72;99.73;;0.00;0.00;0;100.00;;0.00;0.16;100.00;0.83;100.00;99.70;0.00;0.00;0.00;0.00;0.00;100.00;26.64;-103.12;96.41,
03.23.2017 04:00:00;NN(100000);NDIYK06;WSU6483;6483;WSU6483E;64835;0.00;100.00;0.00;100.00;100.00;100.00;;100.00;100.00;100.00;;0.00;0.00;0;100.00;;0.00;0.00;100.00;0.00;100.00;100.00;0.00;0.00;0.00;0.00;0.00;100.00;22.19;-105.43;87.93,
03.23.2017 04:00:00;NN(100000);NDIYK06;WSU6483;6483;WSU6483K;59492;0.00;0.00;0.00;100.00;0.00;100.00;;;100.00;100.00;;;;;100.00;;0.00;0.00;100.00;0.00;0.00;0.00;0.00;0.00;0.00;0.00;0.00;100.00;20.57;-106.50;99.22,
03.23.2017 04:00:00;NN(100000);NDIYK06;WSU6483;6483;WSU6483D;64837;100.00;100.00;100.00;100.00;100.00;100.00;100.00;100.00;100.00;100.00;0.00;0.00;0.00;0;100.00;;0.02;0.05;100.00;0.00;100.00;100.00;0.00;100.00;100.00;0.00;0.00;100.00;22.05;-105.05;86.34,
03.23.2017 04:00:00;NN(100000);NDIYK06;WSU6483;6483;WSU6483G;64838;100.00;99.10;100.00;100.00;99.10;100.00;100.00;100.00;99.11;99.31;;0.00;0.00;0;100.00;;0.00;0.22;100.00;0.00;100.00;99.10;0.00;100.00;100.00;0.00;100.00;100.00;22.88;-106.41;95.83,
03.23.2017 04:00:00;NN(100000);NDIYK06;WSU6483;6483;WSU6483H;64839;0.00;98.75;0.00;100.00;98.75;100.00;;100.00;98.75;99.02;0.00;;0.00;0;100.00;;0.01;0.00;100.00;0.00;100.00;98.75;0.00;0.00;0.00;0.00;0.00;100.00;24.95;-106.47;98.31,
03.23.2017 04:00:00;NN(100000);NDIYK06;WSU6483;6483;WSU6483L;59493;0.00;0.00;0.00;100.00;0.00;100.00;;;100.00;100.00;;;0.00;;100.00;;0.00;0.00;100.00;0.00;66.67;0.00;0.00;0.00;0.00;0.00;0.00;100.00;19.82;-106.50;100.00,
03.23.2017 04:00:00;NN(100000);NDIYK06;WSU6483;6483;WSU6483J;59491;0.00;100.00;0.00;100.00;100.00;100.00;;100.00;100.00;100.00;;0.00;0.00;0;100.00;;0.00;0.00;100.00;0.00;100.00;100.00;0.00;0.00;0.00;0.00;0.00;100.00;17.05;-105.50;87.50,
03.23.2017 04:00:00;NN(100000);NDIYK06;WSU6483;6483;WSU6483A;64836;0.00;99.02;0.00;100.00;99.02;100.00;0.00;99.22;99.87;99.87;;0.00;0.07;0;100.00;;0.00;0.29;100.00;1.94;99.16;99.86;0.00;100.00;0.00;0.00;0.00;100.00;26.06;-102.24;95.05,
03.23.2017 05:00:00;NN(100000);NDIYK06;WSU6483;6483;WSU6483C;64831;0.00;99.77;0.00;100.00;99.77;100.00;;100.00;99.78;99.79;;1.64;0.04;0;100.00;;0.00;0.29;100.00;0.00;100.00;99.77;0.00;0.00;0.00;0.00;0.00;100.00;26.20;-102.69;96.04,
03.23.2017 05:00:00;NN(100000);NDIYK06;WSU6483;6483;WSU6483F;64832;0.00;100.00;0.00;100.00;100.00;100.00;;100.00;100.00;99.75;;0.00;0.00;0;100.00;;0.00;0.01;100.00;0.00;100.00;100.00;0.00;0.00;0.00;0.00;100.00;100.00;22.53;-105.43;90.00,
03.23.2017 05:00:00;NN(100000);NDIYK06;WSU6483;6483;WSU6483I;64833;0.00;100.00;0.00;100.00;100.00;100.00;;100.00;100.00;100.00;;0.00;0.00;0;100.00;;0.00;0.16;100.00;0.00;100.00;100.00;0.00;0.00;0.00;0.00;0.00;100.00;24.94;-106.47;100.00,
03.23.2017 05:00:00;NN(100000);NDIYK06;WSU6483;6483;WSU6483B;64830;0.00;99.72;0.00;100.00;99.72;100.00;;100.00;99.74;99.75;;0.00;0.11;0;100.00;;0.00;0.18;100.00;0.00;100.00;99.72;0.00;0.00;0.00;0.00;0.00;100.00;26.16;-103.26;97.50,
03.23.2017 05:00:00;NN(100000);NDIYK06;WSU6483;6483;WSU6483E;64835;0.00;0.00;0.00;100.00;0.00;100.00;;100.00;99.54;99.76;;0.00;0.00;0;100.00;;0.00;0.01;100.00;0.00;0.00;99.37;0.00;0.00;0.00;0.00;0.00;100.00;23.43;-105.44;96.43,
03.23.2017 05:00:00;NN(100000);NDIYK06;WSU6483;6483;WSU6483K;59492;100.00;0.00;100.00;100.00;0.00;100.00;100.00;;100.00;100.00;0.00;;0.00;;100.00;;0.00;0.00;100.00;0.00;100.00;0.00;0.00;100.00;100.00;0.00;0.00;100.00;18.98;-106.49;100.82,
03.23.2017 05:00:00;NN(100000);NDIYK06;WSU6483;6483;WSU6483D;64837;100.00;100.00;100.00;100.00;100.00;100.00;100.00;100.00;100.00;100.00;0.00;0.00;0.00;0;100.00;;0.01;0.05;100.00;0.00;100.00;100.00;0.00;100.00;100.00;0.00;0.00;100.00;23.22;-105.34;94.10,
03.23.2017 05:00:00;NN(100000);NDIYK06;WSU6483;6483;WSU6483G;64838;0.00;100.00;0.00;0.00;100.00;100.00;;100.00;100.00;100.00;100.00;0.00;0.00;0;100.00;;0.01;0.00;100.00;4.35;100.00;100.00;0.00;0.00;100.00;100.00;0.00;100.00;22.73;-106.47;98.61,
03.23.2017 05:00:00;NN(100000);NDIYK06;WSU6483;6483;WSU6483H;64839;0.00;0.00;0.00;100.00;0.00;100.00;;;100.00;100.00;;0.00;0.67;0;100.00;;0.00;0.05;100.00;0.00;0.00;100.00;0.00;0.00;0.00;0.00;0.00;100.00;26.39;-106.47;100.00,
03.23.2017 05:00:00;NN(100000);NDIYK06;WSU6483;6483;WSU6483L;59493;0.00;0.00;0.00;100.00;0.00;100.00;;;100.00;100.00;;;0.00;0;100.00;;0.00;0.00;100.00;0.00;100.00;0.00;0.00;0.00;0.00;0.00;0.00;100.00;18.62;-106.48;83.33,
03.23.2017 05:00:00;NN(100000);NDIYK06;WSU6483;6483;WSU6483J;59491;100.00;0.00;100.00;100.00;0.00;100.00;100.00;;100.00;100.00;0.00;;0.00;0;100.00;;0.01;0.00;100.00;0.00;100.00;0.00;0.00;100.00;100.00;0.00;0.00;100.00;10.37;-105.51;100.00,
03.23.2017 05:00:00;NN(100000);NDIYK06;WSU6483;6483;WSU6483A;64836;100.00;97.95;100.00;100.00;98.28;99.67;100.00;98.48;99.93;99.93;;0.00;0.00;0;100.00;;0.00;0.20;100.00;1.35;98.35;99.93;0.33;100.00;100.00;0.00;100.00;100.00;25.83;-103.11;93.91,
03.23.2017 06:00:00;NN(100000);NDIYK06;WSU6483;6483;WSU6483C;64831;0.00;90.84;0.00;100.00;92.10;98.63;;93.88;99.69;99.71;0.00;0.79;0.09;1;100.00;;0.02;0.22;100.00;2.20;92.31;99.78;1.37;0.00;100.00;0.00;100.00;100.00;25.91;-102.62;97.37,
03.23.2017 06:00:00;NN(100000);NDIYK06;WSU6483;6483;WSU6483F;64832;100.00;100.00;100.00;100.00;100.00;100.00;100.00;100.00;100.00;100.00;0.00;0.00;0.00;0;100.00;;0.05;0.02;100.00;0.00;100.00;100.00;0.00;100.00;100.00;0.00;0.00;100.00;23.50;-105.43;86.67,
03.23.2017 06:00:00;NN(100000);NDIYK06;WSU6483;6483;WSU6483I;64833;0.00;100.00;0.00;100.00;100.00;100.00;;100.00;100.00;100.00;;0.00;0.00;0;100.00;;0.00;0.03;100.00;0.00;100.00;100.00;0.00;0.00;0.00;0.00;100.00;100.00;23.34;-106.49;89.66,
03.23.2017 06:00:00;NN(100000);NDIYK06;WSU6483;6483;WSU6483B;64830;100.00;99.71;100.00;100.00;99.71;100.00;100.00;100.00;99.76;99.72;0.00;0.00;0.00;0;100.00;;0.01;0.23;100.00;0.00;100.00;99.71;0.00;100.00;100.00;0.00;100.00;100.00;25.81;-103.10;95.97,
03.23.2017 06:00:00;NN(100000);NDIYK06;WSU6483;6483;WSU6483E;64835;0.00;86.62;0.00;100.00;99.00;87.50;;100.00;98.88;99.41;0.00;16.67;0.00;12;100.00;;0.05;0.05;100.00;5.56;100.00;99.00;12.50;0.00;100.00;0.00;0.00;100.00;23.58;-105.45;96.55,
03.23.2017 06:00:00;NN(100000);NDIYK06;WSU6483;6483;WSU6483K;59492;100.00;100.00;100.00;100.00;100.00;100.00;100.00;100.00;100.00;100.00;0.00;;0.00;0;100.00;100.00;0.05;0.00;100.00;0.00;100.00;100.00;0.00;100.00;100.00;0.00;0.00;100.00;20.73;-106.49;99.21,
03.23.2017 06:00:00;NN(100000);NDIYK06;WSU6483;6483;WSU6483D;64837;100.00;100.00;100.00;100.00;100.00;100.00;100.00;100.00;100.00;100.00;0.00;0.00;0.00;0;100.00;;0.40;0.03;100.00;0.73;100.00;100.00;0.00;100.00;100.00;0.00;0.00;100.00;22.73;-105.31;91.27,
03.23.2017 06:00:00;NN(100000);NDIYK06;WSU6483;6483;WSU6483G;64838;0.00;100.00;0.00;100.00;100.00;100.00;;100.00;100.00;99.55;;100.00;0.00;0;100.00;;0.00;0.08;100.00;0.00;100.00;100.00;0.00;0.00;0.00;0.00;100.00;100.00;23.30;-106.47;97.56,
03.23.2017 06:00:00;NN(100000);NDIYK06;WSU6483;6483;WSU6483H;64839;0.00;100.00;0.00;100.00;100.00;100.00;;100.00;100.00;100.00;0.00;0.00;0.00;0;100.00;;0.00;0.11;100.00;0.00;100.00;100.00;0.00;0.00;0.00;0.00;0.00;100.00;24.58;-106.45;95.35,
03.23.2017 06:00:00;NN(100000);NDIYK06;WSU6483;6483;WSU6483L;59493;0.00;83.33;0.00;100.00;83.33;100.00;;100.00;100.00;100.00;;;0.00;0;100.00;;0.00;0.00;100.00;0.00;83.33;100.00;0.00;100.00;0.00;0.00;0.00;100.00;21.07;-106.49;88.89,
03.23.2017 06:00:00;NN(100000);NDIYK06;WSU6483;6483;WSU6483J;59491;100.00;82.52;100.00;100.00;99.03;83.33;100.00;100.00;99.06;98.55;0.00;0.00;1.06;17;100.00;100.00;0.01;0.03;100.00;2.78;100.00;99.03;16.67;100.00;100.00;0.00;100.00;100.00;22.07;-105.88;97.62,
03.23.2017 06:00:00;NN(100000);NDIYK06;WSU6483;6483;WSU6483A;64836;100.00;97.88;100.00;100.00;97.88;100.00;100.00;98.26;99.86;99.87;0.00;0.00;0.00;0;100.00;100.00;0.10;0.24;100.00;1.88;98.23;99.64;0.00;100.00;100.00;0.00;100.00;100.00;26.22;-102.97;94.69,
03.23.2017 07:00:00;NN(100000);NDIYK06;WSU6483;6483;WSU6483C;64831;100.00;99.73;100.00;100.00;99.73;100.00;100.00;100.00;99.69;99.71;0.00;0.66;0.04;0;100.00;;0.11;0.24;100.00;0.00;100.00;99.73;0.00;100.00;100.00;0.00;100.00;100.00;26.05;-102.68;96.45,
03.23.2017 07:00:00;NN(100000);NDIYK06;WSU6483;6483;WSU6483F;64832;100.00;100.00;100.00;100.00;100.00;100.00;100.00;100.00;100.00;100.00;0.00;0.00;0.00;0;100.00;;0.07;0.07;100.00;0.00;100.00;100.00;0.00;100.00;100.00;0.00;100.00;100.00;24.26;-105.39;91.67,
03.23.2017 07:00:00;NN(100000);NDIYK06;WSU6483;6483;WSU6483I;64833;0.00;90.00;0.00;100.00;100.00;90.00;;100.00;100.00;100.00;;0.00;0.00;10;100.00;;0.00;0.17;100.00;5.56;100.00;100.00;10.00;0.00;0.00;0.00;100.00;100.00;24.23;-106.43;94.32,
03.23.2017 07:00:00;NN(100000);NDIYK06;WSU6483;6483;WSU6483B;64830;100.00;95.38;100.00;100.00;95.38;100.00;100.00;95.56;99.92;99.85;0.00;0.00;0.00;0;100.00;100.00;0.12;0.25;100.00;0.00;95.45;99.92;0.00;100.00;100.00;0.00;100.00;100.00;25.60;-102.87;97.26,
03.23.2017 07:00:00;NN(100000);NDIYK06;WSU6483;6483;WSU6483E;64835;0.00;99.71;0.00;100.00;99.71;100.00;;100.00;99.29;99.66;0.00;50.00;0.00;0;100.00;;0.05;0.06;100.00;0.00;100.00;99.71;0.00;0.00;100.00;0.00;0.00;100.00;24.46;-105.24;91.06,
03.23.2017 07:00:00;NN(100000);NDIYK06;WSU6483;6483;WSU6483K;59492;100.00;100.00;100.00;100.00;100.00;100.00;100.00;100.00;100.00;100.00;0.00;;0.00;0;100.00;;0.02;0.00;100.00;0.00;100.00;100.00;0.00;100.00;100.00;0.00;100.00;100.00;22.50;-106.44;98.08,
03.23.2017 07:00:00;NN(100000);NDIYK06;WSU6483;6483;WSU6483D;64837;92.31;97.73;92.31;100.00;97.73;100.00;92.31;97.87;100.00;100.00;0.00;0.00;0.44;0;100.00;100.00;1.21;0.05;100.00;1.72;97.73;100.00;0.00;100.00;92.31;0.00;0.00;100.00;23.73;-105.21;88.11,
03.23.2017 07:00:00;NN(100000);NDIYK06;WSU6483;6483;WSU6483G;64838;75.00;99.70;100.00;75.00;99.70;100.00;100.00;100.00;99.47;99.53;25.00;13.04;0.00;0;99.67;;0.02;0.19;100.00;1.10;100.00;99.70;0.00;100.00;100.00;25.00;70.00;99.67;22.69;-105.73;93.22,
03.23.2017 07:00:00;NN(100000);NDIYK06;WSU6483;6483;WSU6483H;64839;100.00;100.00;100.00;100.00;100.00;100.00;100.00;100.00;99.56;99.60;0.00;25.00;0.00;0;100.00;100.00;0.18;0.09;100.00;0.00;100.00;100.00;0.00;100.00;100.00;0.00;0.00;100.00;23.66;-105.97;97.58,
03.23.2017 07:00:00;NN(100000);NDIYK06;WSU6483;6483;WSU6483L;59493;100.00;100.00;100.00;100.00;100.00;100.00;100.00;100.00;100.00;100.00;0.00;;0.00;0;100.00;;0.03;0.00;100.00;0.00;100.00;100.00;0.00;100.00;100.00;0.00;0.00;100.00;18.93;-106.48;84.62,
03.23.2017 07:00:00;NN(100000);NDIYK06;WSU6483;6483;WSU6483J;59491;100.00;99.24;100.00;100.00;99.24;100.00;100.00;100.00;99.26;99.37;0.00;0.00;0.80;0;100.00;100.00;0.03;0.05;100.00;0.00;100.00;99.24;0.00;100.00;100.00;0.00;100.00;100.00;21.40;-105.64;93.18,
03.23.2017 07:00:00;NN(100000);NDIYK06;WSU6483;6483;WSU6483A;64836;85.56;97.68;91.67;93.33;98.04;99.64;91.43;98.31;99.70;99.72;6.67;1.18;0.14;0;99.93;;0.12;0.37;100.00;2.69;98.31;99.73;0.36;100.00;91.67;6.67;96.15;99.93;25.79;-100.87;94.21,
03.23.2017 08:00:00;NN(100000);NDIYK06;WSU6483;6483;WSU6483C;64831;100.00;98.67;100.00;100.00;99.59;99.07;100.00;100.00;99.53;99.58;0.00;1.75;0.16;1;100.00;100.00;0.17;0.33;100.00;3.21;100.00;99.59;0.93;100.00;100.00;0.00;100.00;100.00;25.34;-102.11;96.23,
03.23.2017 08:00:00;NN(100000);NDIYK06;WSU6483;6483;WSU6483F;64832;100.00;99.37;100.00;100.00;99.37;100.00;100.00;100.00;99.52;99.83;0.00;0.00;0.00;0;100.00;;0.56;0.14;100.00;0.00;100.00;99.37;0.00;100.00;100.00;0.00;100.00;100.00;24.97;-99.29;93.64,
03.23.2017 08:00:00;NN(100000);NDIYK06;WSU6483;6483;WSU6483I;64833;100.00;92.86;100.00;100.00;100.00;92.86;100.00;100.00;100.00;100.00;0.00;0.00;0.00;7;100.00;;0.13;0.19;100.00;2.78;100.00;100.00;7.14;100.00;100.00;0.00;100.00;100.00;23.34;-106.24;96.73,
03.23.2017 08:00:00;NN(100000);NDIYK06;WSU6483;6483;WSU6483B;64830;100.00;97.64;100.00;100.00;99.81;97.83;100.00;100.00;99.78;99.80;0.00;2.17;0.14;2;100.00;100.00;0.14;0.37;100.00;2.56;100.00;99.81;2.17;100.00;100.00;0.00;100.00;100.00;24.60;-101.60;94.80,
03.23.2017 08:00:00;NN(100000);NDIYK06;WSU6483;6483;WSU6483E;64835;100.00;91.27;100.00;100.00;95.51;95.56;100.00;96.00;99.74;99.79;0.00;0.00;0.00;4;100.00;100.00;0.24;0.26;100.00;2.63;95.83;99.67;4.44;100.00;100.00;0.00;100.00;100.00;24.08;-96.90;92.21,
03.23.2017 08:00:00;NN(100000);NDIYK06;WSU6483;6483;WSU6483K;59492;100.00;92.46;100.00;100.00;92.46;100.00;100.00;95.00;97.61;98.09;0.00;4.55;0.00;0;100.00;100.00;0.05;0.03;100.00;0.00;95.00;97.33;0.00;100.00;100.00;0.00;0.00;100.00;21.87;-106.17;94.44,
03.23.2017 08:00:00;NN(100000);NDIYK06;WSU6483;6483;WSU6483D;64837;97.73;97.45;97.73;100.00;98.39;99.05;97.73;98.88;99.33;99.68;0.00;7.41;0.00;1;100.00;;0.54;0.26;100.00;2.55;98.94;99.45;0.95;100.00;97.73;0.00;100.00;100.00;23.50;-97.73;88.36,
03.23.2017 08:00:00;NN(100000);NDIYK06;WSU6483;6483;WSU6483G;64838;87.50;95.19;100.00;87.50;99.83;95.35;100.00;100.00;99.74;99.75;12.50;0.57;0.54;5;100.00;;0.22;0.27;100.00;2.40;100.00;99.83;4.65;100.00;100.00;12.50;93.33;100.00;19.76;-105.81;96.88,
03.23.2017 08:00:00;NN(100000);NDIYK06;WSU6483;6483;WSU6483H;64839;0.00;99.60;0.00;83.33;99.60;100.00;;100.00;99.46;99.66;16.67;1.96;0.00;0;99.67;;0.13;0.31;100.00;2.33;100.00;99.60;0.00;0.00;0.00;16.67;66.67;99.67;22.08;-106.14;97.36,
03.23.2017 08:00:00;NN(100000);NDIYK06;WSU6483;6483;WSU6483L;59493;100.00;99.29;100.00;100.00;99.29;100.00;100.00;100.00;99.37;99.54;0.00;0.00;0.00;0;100.00;;0.03;0.05;100.00;0.00;100.00;99.29;0.00;100.00;100.00;0.00;100.00;100.00;23.20;-106.24;90.53,
03.23.2017 08:00:00;NN(100000);NDIYK06;WSU6483;6483;WSU6483J;59491;100.00;91.80;100.00;100.00;91.80;100.00;100.00;92.00;99.80;99.82;0.00;0.00;0.23;0;100.00;100.00;0.09;0.10;100.00;0.00;92.00;99.78;0.00;100.00;100.00;0.00;100.00;100.00;21.10;-105.35;94.15,
03.23.2017 08:00:00;NN(100000);NDIYK06;WSU6483;6483;WSU6483A;64836;97.78;98.03;97.78;100.00;98.26;99.77;97.73;98.44;99.76;99.75;0.00;1.10;0.12;0;100.00;;0.20;0.38;100.00;2.68;98.68;99.58;0.23;100.00;97.78;0.00;100.00;100.00;24.92;-101.43;89.61,
03.23.2017 09:00:00;NN(100000);NDIYK06;WSU6483;6483;WSU6483C;64831;97.44;95.30;100.00;97.44;95.90;99.38;100.00;96.08;99.71;99.73;2.63;1.82;0.03;1;100.00;100.00;0.39;0.57;100.00;1.30;96.23;99.66;0.62;100.00;100.00;2.56;97.83;100.00;24.84;-102.70;92.64,
03.23.2017 09:00:00;NN(100000);NDIYK06;WSU6483;6483;WSU6483F;64832;100.00;99.75;100.00;100.00;99.75;100.00;100.00;100.00;99.79;99.78;0.00;6.67;0.00;0;100.00;;0.42;0.37;100.00;0.00;100.00;99.75;0.00;100.00;100.00;0.00;100.00;100.00;23.75;-104.91;90.94,
03.23.2017 09:00:00;NN(100000);NDIYK06;WSU6483;6483;WSU6483I;64833;93.33;93.33;100.00;93.33;93.33;100.00;100.00;93.33;100.00;100.00;6.67;0.00;0.00;0;100.00;0.00;0.28;0.28;100.00;2.33;93.33;100.00;0.00;100.00;100.00;6.67;92.31;100.00;22.96;-105.95;97.72,
03.23.2017 09:00:00;NN(100000);NDIYK06;WSU6483;6483;WSU6483B;64830;95.45;91.90;95.45;100.00;93.15;98.66;95.45;93.48;99.40;99.45;0.00;4.84;0.15;1;100.00;50.00;0.39;0.44;100.00;2.87;93.68;99.43;1.34;100.00;95.45;0.00;100.00;100.00;25.02;-102.91;92.27,
03.23.2017 09:00:00;NN(100000);NDIYK06;WSU6483;6483;WSU6483E;64835;100.00;87.20;100.00;100.00;87.20;100.00;100.00;86.67;99.73;99.87;0.00;0.00;0.00;0;100.00;100.00;0.87;0.23;100.00;0.00;87.50;99.65;0.00;100.00;100.00;0.00;100.00;100.00;24.23;-104.84;92.49,
03.23.2017 09:00:00;NN(100000);NDIYK06;WSU6483;6483;WSU6483K;59492;100.00;99.13;100.00;100.00;99.13;100.00;100.00;100.00;99.23;99.02;0.00;0.00;0.44;0;100.00;;0.04;0.67;100.00;0.00;100.00;99.13;0.00;100.00;100.00;0.00;100.00;100.00;22.78;-103.60;93.02,
03.23.2017 09:00:00;NN(100000);NDIYK06;WSU6483;6483;WSU6483D;64837;94.59;97.34;94.59;100.00;97.34;100.00;94.59;97.54;99.80;99.90;0.00;0.00;0.12;0;100.00;;0.93;0.21;100.00;1.93;97.58;99.75;0.00;94.59;100.00;0.00;0.00;100.00;23.44;-104.37;86.07,
03.23.2017 09:00:00;NN(100000);NDIYK06;WSU6483;6483;WSU6483G;64838;100.00;96.86;100.00;100.00;96.86;100.00;100.00;97.22;99.90;99.90;0.00;0.00;0.45;0;100.00;100.00;0.42;0.31;100.00;0.00;96.97;99.89;0.00;100.00;100.00;0.00;100.00;100.00;21.48;-105.45;97.22,
03.23.2017 09:00:00;NN(100000);NDIYK06;WSU6483;6483;WSU6483H;64839;92.86;95.58;100.00;92.86;99.73;95.83;100.00;100.00;100.00;100.00;7.14;0.00;0.00;4;100.00;100.00;0.28;0.47;100.00;2.38;100.00;99.73;4.17;100.00;100.00;7.14;100.00;100.00;23.01;-105.58;93.68,
03.23.2017 09:00:00;NN(100000);NDIYK06;WSU6483;6483;WSU6483L;59493;100.00;99.57;100.00;100.00;99.57;100.00;100.00;100.00;99.24;99.74;0.00;13.33;0.51;0;100.00;;0.03;0.04;100.00;0.00;100.00;99.57;0.00;100.00;100.00;0.00;100.00;100.00;22.99;-106.06;88.52,
03.23.2017 09:00:00;NN(100000);NDIYK06;WSU6483;6483;WSU6483J;59491;100.00;95.78;100.00;100.00;99.33;96.43;100.00;100.00;99.17;99.35;0.00;1.59;0.61;4;100.00;100.00;0.43;0.26;100.00;1.14;100.00;99.33;3.57;100.00;100.00;0.00;75.00;100.00;22.88;-105.32;93.87,
03.23.2017 09:00:00;NN(100000);NDIYK06;WSU6483;6483;WSU6483A;64836;100.00;97.08;100.00;100.00;97.67;99.40;100.00;98.05;99.77;99.78;0.00;0.00;0.13;1;100.00;80.00;0.38;0.41;100.00;2.68;98.49;99.17;0.60;100.00;100.00;0.00;100.00;100.00;24.74;-102.13;88.84,
03.23.2017 10:00:00;NN(100000);NDIYK06;WSU6483;6483;WSU6483C;64831;98.70;91.17;98.70;100.00;92.22;98.86;98.67;92.90;99.73;99.74;0.00;3.00;0.15;1;100.00;100.00;0.66;0.40;100.00;1.14;92.41;99.79;1.14;100.00;98.70;0.00;100.00;100.00;25.11;-102.66;95.03,
03.23.2017 10:00:00;NN(100000);NDIYK06;WSU6483;6483;WSU6483F;64832;100.00;100.00;100.00;100.00;100.00;100.00;100.00;100.00;100.00;100.00;0.00;0.00;0.00;0;100.00;;0.56;0.29;100.00;0.99;100.00;100.00;0.00;100.00;100.00;0.00;100.00;100.00;23.61;-104.66;94.03,
03.23.2017 10:00:00;NN(100000);NDIYK06;WSU6483;6483;WSU6483I;64833;94.74;99.84;94.74;100.00;99.84;100.00;94.44;100.00;99.85;99.86;0.00;2.50;0.48;0;99.80;100.00;0.38;0.17;100.00;1.75;100.00;99.84;0.00;100.00;94.74;0.00;94.12;99.80;23.59;-105.83;99.11,
03.23.2017 10:00:00;NN(100000);NDIYK06;WSU6483;6483;WSU6483B;64830;97.26;95.35;97.26;100.00;97.63;97.66;97.18;97.89;99.69;99.71;0.00;2.11;0.17;2;100.00;100.00;0.94;0.37;100.00;2.93;97.89;99.73;2.34;100.00;97.26;0.00;100.00;100.00;25.22;-102.33;93.98,
03.23.2017 10:00:00;NN(100000);NDIYK06;WSU6483;6483;WSU6483E;64835;100.00;99.72;100.00;100.00;99.72;100.00;100.00;100.00;99.76;99.89;0.00;12.50;0.30;0;100.00;;0.72;0.07;100.00;0.00;100.00;99.72;0.00;100.00;100.00;0.00;100.00;100.00;23.45;-104.35;90.00,
03.23.2017 10:00:00;NN(100000);NDIYK06;WSU6483;6483;WSU6483K;59492;87.50;98.40;87.50;100.00;98.40;100.00;100.00;100.00;99.28;99.39;0.00;0.00;0.87;0;100.00;;0.11;1.22;100.00;0.00;100.00;98.40;0.00;87.50;100.00;0.00;93.33;100.00;23.55;-103.01;95.45,
03.23.2017 10:00:00;NN(100000);NDIYK06;WSU6483;6483;WSU6483D;64837;100.00;100.00;100.00;100.00;100.00;100.00;100.00;100.00;100.00;100.00;0.00;0.00;0.24;0;100.00;100.00;1.53;0.22;100.00;2.15;100.00;100.00;0.00;100.00;100.00;0.00;100.00;100.00;22.68;-104.35;84.15,
03.23.2017 10:00:00;NN(100000);NDIYK06;WSU6483;6483;WSU6483G;64838;100.00;93.89;100.00;100.00;96.82;96.97;100.00;97.14;99.77;99.80;0.00;1.59;0.98;3;100.00;100.00;0.79;0.21;100.00;0.88;97.06;99.75;3.03;100.00;100.00;0.00;96.88;100.00;21.86;-105.23;96.92,
03.23.2017 10:00:00;NN(100000);NDIYK06;WSU6483;6483;WSU6483H;64839;100.00;95.45;100.00;100.00;100.00;95.45;100.00;100.00;99.85;99.86;0.00;0.00;0.00;5;100.00;100.00;0.32;0.19;100.00;1.49;100.00;100.00;4.55;100.00;100.00;0.00;100.00;100.00;22.93;-105.33;96.96,
03.23.2017 10:00:00;NN(100000);NDIYK06;WSU6483;6483;WSU6483L;59493;100.00;93.33;100.00;100.00;93.33;100.00;100.00;100.00;100.00;100.00;0.00;0.00;0.00;0;100.00;100.00;0.52;0.01;100.00;0.00;93.33;100.00;0.00;100.00;100.00;0.00;100.00;100.00;23.02;-106.12;87.93,
03.23.2017 10:00:00;NN(100000);NDIYK06;WSU6483;6483;WSU6483J;59491;100.00;91.94;100.00;100.00;91.94;100.00;100.00;92.86;99.18;99.32;0.00;0.00;0.33;0;100.00;100.00;0.26;0.13;100.00;0.00;92.86;99.01;0.00;100.00;100.00;0.00;100.00;100.00;22.56;-105.26;94.29,
03.23.2017 10:00:00;NN(100000);NDIYK06;WSU6483;6483;WSU6483A;64836;97.65;97.80;97.65;100.00;98.36;99.43;97.59;98.86;99.52;99.57;0.00;0.72;0.07;1;100.00;100.00;0.82;0.41;100.00;3.27;98.84;99.52;0.57;100.00;97.65;0.00;98.88;100.00;24.63;-102.65;89.13,
03.23.2017 11:00:00;NN(100000);NDIYK06;WSU6483;6483;WSU6483C;64831;92.31;95.39;92.31;100.00;97.35;97.98;91.67;98.31;99.47;99.54;0.00;4.12;0.00;2;100.00;;0.46;0.65;100.00;2.13;97.88;99.46;2.02;92.31;100.00;0.00;100.00;100.00;24.69;-102.06;92.03,
03.23.2017 11:00:00;NN(100000);NDIYK06;WSU6483;6483;WSU6483F;64832;100.00;96.03;100.00;100.00;97.54;98.45;100.00;97.91;99.56;99.79;0.00;10.00;0.00;2;100.00;;0.91;0.13;100.00;1.92;98.67;98.86;1.55;100.00;100.00;0.00;100.00;100.00;23.59;-104.19;89.01,
03.23.2017 11:00:00;NN(100000);NDIYK06;WSU6483;6483;WSU6483I;64833;100.00;96.58;100.00;100.00;96.58;100.00;100.00;100.00;99.38;99.58;0.00;4.08;0.54;0;100.00;0.00;0.66;0.18;100.00;0.00;96.97;99.60;0.00;100.00;100.00;0.00;96.30;100.00;22.92;-105.77;96.46,
03.23.2017 11:00:00;NN(100000);NDIYK06;WSU6483;6483;WSU6483B;64830;95.31;96.87;95.31;100.00;98.48;98.37;95.24;98.92;99.51;99.55;0.00;2.75;0.11;2;100.00;100.00;0.84;0.59;100.00;3.01;99.26;99.21;1.63;100.00;95.31;0.00;100.00;100.00;24.24;-102.22;92.20,
03.23.2017 11:00:00;NN(100000);NDIYK06;WSU6483;6483;WSU6483E;64835;100.00;96.67;100.00;100.00;96.67;100.00;100.00;96.77;99.83;99.92;0.00;0.00;0.11;0;100.00;100.00;1.35;0.19;100.00;0.00;96.88;99.79;0.00;100.00;100.00;0.00;100.00;100.00;23.27;-104.49;89.87,
03.23.2017 11:00:00;NN(100000);NDIYK06;WSU6483;6483;WSU6483K;59492;100.00;98.55;100.00;100.00;98.55;100.00;100.00;100.00;98.73;98.97;0.00;0.00;0.00;0;100.00;100.00;0.76;0.02;100.00;3.03;100.00;98.55;0.00;100.00;100.00;0.00;100.00;100.00;20.98;-106.17;91.38,
03.23.2017 11:00:00;NN(100000);NDIYK06;WSU6483;6483;WSU6483D;64837;96.15;94.83;96.15;100.00;95.27;99.53;96.08;95.10;100.00;100.00;0.00;5.00;0.00;0;100.00;100.00;1.30;0.34;100.00;0.87;95.27;100.00;0.47;97.50;98.61;0.00;100.00;100.00;22.22;-104.02;77.43,
03.23.2017 11:00:00;NN(100000);NDIYK06;WSU6483;6483;WSU6483G;64838;98.00;92.98;100.00;98.00;94.24;98.67;100.00;94.92;99.80;99.83;2.00;2.70;0.00;1;100.00;66.67;0.96;0.27;100.00;1.31;94.64;99.57;1.33;100.00;100.00;2.00;94.34;100.00;21.11;-104.49;95.48,
03.23.2017 11:00:00;NN(100000);NDIYK06;WSU6483;6483;WSU6483H;64839;83.01;99.73;87.50;94.87;99.73;100.00;87.50;100.00;99.04;99.23;5.13;5.56;0.13;0;100.00;66.67;1.96;0.18;100.00;1.32;100.00;99.73;0.00;87.50;100.00;5.13;100.00;100.00;22.65;-105.66;98.57,
03.23.2017 11:00:00;NN(100000);NDIYK06;WSU6483;6483;WSU6483L;59493;90.91;91.67;100.00;90.91;91.67;100.00;100.00;91.67;100.00;100.00;9.09;0.00;0.00;0;100.00;100.00;0.17;0.08;100.00;3.57;91.67;100.00;0.00;100.00;100.00;9.09;87.50;100.00;24.21;-106.08;95.76,
03.23.2017 11:00:00;NN(100000);NDIYK06;WSU6483;6483;WSU6483J;59491;100.00;99.65;100.00;100.00;99.65;100.00;100.00;100.00;99.73;99.77;0.00;1.54;0.00;0;100.00;100.00;0.57;0.10;100.00;0.00;100.00;99.65;0.00;100.00;100.00;0.00;100.00;100.00;19.05;-105.79;92.86,
03.23.2017 11:00:00;NN(100000);NDIYK06;WSU6483;6483;WSU6483A;64836;93.66;96.77;95.27;98.31;98.36;98.38;95.12;98.85;99.52;99.57;1.72;0.92;0.15;2;100.00;90.91;0.85;0.58;100.00;4.25;99.04;99.32;1.62;98.08;97.14;1.69;98.23;100.00;24.00;-97.02;86.78,
03.23.2017 12:00:00;NN(100000);NDIYK06;WSU6483;6483;WSU6483C;64831;91.42;95.19;91.42;100.00;96.48;98.67;91.30;97.35;99.75;99.77;0.00;0.00;0.31;1;99.94;100.00;0.89;0.46;100.00;2.59;97.40;99.05;1.33;95.45;95.77;0.00;100.00;99.94;24.35;-101.78;92.75,
03.23.2017 12:00:00;NN(100000);NDIYK06;WSU6483;6483;WSU6483F;64832;100.00;88.63;100.00;100.00;88.63;100.00;100.00;88.65;99.92;99.96;0.00;0.00;0.11;0;99.58;;1.10;0.22;100.00;1.36;97.22;91.16;0.00;100.00;100.00;0.00;100.00;99.58;22.89;-104.02;91.02,
03.23.2017 12:00:00;NN(100000);NDIYK06;WSU6483;6483;WSU6483I;64833;100.00;99.86;100.00;100.00;99.86;100.00;100.00;100.00;100.00;100.00;0.00;0.00;0.00;0;100.00;100.00;0.41;0.15;100.00;0.00;100.00;99.86;0.00;100.00;100.00;0.00;100.00;100.00;23.53;-105.50;97.89,
03.23.2017 12:00:00;NN(100000);NDIYK06;WSU6483;6483;WSU6483B;64830;97.22;91.90;97.22;100.00;93.16;98.65;97.14;94.20;99.54;99.56;0.00;1.94;0.26;1;99.66;100.00;0.78;0.46;100.00;2.68;97.44;95.61;1.35;100.00;97.22;0.00;100.00;99.66;24.73;-101.59;93.45,
03.23.2017 12:00:00;NN(100000);NDIYK06;WSU6483;6483;WSU6483E;64835;100.00;83.88;100.00;100.00;83.88;100.00;100.00;84.48;99.44;99.71;0.00;0.00;0.37;0;99.22;100.00;0.71;0.22;100.00;0.63;100.00;83.88;0.00;100.00;100.00;0.00;100.00;99.22;23.43;-104.58;88.71,
03.23.2017 12:00:00;NN(100000);NDIYK06;WSU6483;6483;WSU6483A;64836;95.52;95.22;95.52;100.00;96.84;98.32;96.15;97.62;99.48;99.49;0.00;3.54;0.19;2;99.92;66.67;1.07;0.63;100.00;3.83;97.85;98.97;1.68;100.00;95.52;0.00;97.08;99.92;24.45;-101.44;87.54,
03.23.2017 12:00:00;NN(100000);NDIYK06;WSU6483;6483;WSU6483D;64837;100.00;94.28;100.00;100.00;94.80;99.45;100.00;94.67;99.91;99.92;0.00;5.88;0.10;1;99.83;100.00;1.34;0.44;100.00;0.97;96.69;98.05;0.55;100.00;100.00;0.00;100.00;99.83;22.99;-104.30;82.78,
03.23.2017 12:00:00;NN(100000);NDIYK06;WSU6483;6483;WSU6483G;64838;98.25;98.41;100.00;98.25;100.00;98.41;100.00;100.00;100.00;99.90;1.79;0.00;0.34;2;100.00;100.00;0.74;0.32;100.00;1.09;100.00;100.00;1.59;100.00;100.00;1.75;92.86;100.00;20.67;-105.07;95.66,
03.23.2017 12:00:00;NN(100000);NDIYK06;WSU6483;6483;WSU6483H;64839;100.00;99.87;100.00;100.00;99.87;100.00;100.00;100.00;100.00;100.00;0.00;0.00;0.00;0;100.00;;0.52;0.22;100.00;0.00;100.00;99.87;0.00;100.00;100.00;0.00;100.00;100.00;22.45;-105.50;98.32,
03.23.2017 12:00:00;NN(100000);NDIYK06;WSU6483;6483;WSU6483L;59493;100.00;99.64;100.00;100.00;99.64;100.00;100.00;100.00;99.69;99.76;0.00;0.00;0.00;0;100.00;;1.02;0.06;100.00;0.00;100.00;99.64;0.00;100.00;100.00;0.00;100.00;100.00;23.39;-105.75;95.45,
03.23.2017 12:00:00;NN(100000);NDIYK06;WSU6483;6483;WSU6483J;59491;100.00;100.00;100.00;100.00;100.00;100.00;100.00;100.00;99.36;99.78;0.00;3.85;0.80;0;100.00;100.00;0.21;0.16;100.00;0.00;100.00;100.00;0.00;100.00;100.00;0.00;66.67;100.00;20.73;-105.29;92.53,
03.23.2017 12:00:00;NN(100000);NDIYK06;WSU6483;6483;WSU6483K;59492;100.00;92.62;100.00;100.00;92.62;100.00;100.00;93.33;99.36;99.29;0.00;0.00;0.00;0;100.00;100.00;0.56;0.16;100.00;0.00;93.33;99.24;0.00;100.00;100.00;0.00;0.00;100.00;20.55;-105.70;96.21,
03.23.2017 13:00:00;NN(100000);NDIYK06;WSU6483;6483;WSU6483C;64831;96.28;94.94;96.28;100.00;95.80;99.10;96.11;97.19;99.59;99.62;0.00;1.05;0.25;1;100.00;60.00;0.69;0.74;100.00;4.26;96.17;99.61;0.90;97.22;99.03;0.00;100.00;100.00;23.98;-101.28;91.67,
03.23.2017 13:00:00;NN(100000);NDIYK06;WSU6483;6483;WSU6483F;64832;96.30;99.89;96.30;100.00;99.89;100.00;96.30;100.00;99.82;99.96;0.00;5.00;0.11;0;100.00;100.00;0.84;0.28;100.00;1.65;100.00;99.89;0.00;100.00;96.30;0.00;100.00;100.00;22.59;-104.13;89.83,
03.23.2017 13:00:00;NN(100000);NDIYK06;WSU6483;6483;WSU6483I;64833;100.00;91.87;100.00;100.00;99.86;92.00;100.00;100.00;99.86;99.88;0.00;0.00;0.15;8;100.00;0.00;0.85;0.33;100.00;3.70;100.00;99.86;8.00;100.00;100.00;0.00;100.00;100.00;23.15;-105.23;98.11,
03.23.2017 13:00:00;NN(100000);NDIYK06;WSU6483;6483;WSU6483B;64830;100.00;92.21;100.00;100.00;92.63;99.55;100.00;93.10;99.72;99.75;0.00;0.93;0.09;0;100.00;88.89;0.94;0.55;100.00;2.32;92.90;99.70;0.45;100.00;100.00;0.00;98.02;100.00;24.12;-101.50;90.99,
03.23.2017 13:00:00;NN(100000);NDIYK06;WSU6483;6483;WSU6483E;64835;97.62;85.03;97.62;100.00;85.03;100.00;97.62;85.19;99.85;99.92;0.00;0.00;0.27;0;100.00;;1.06;0.54;100.00;2.74;85.19;99.82;0.00;100.00;97.62;0.00;100.00;100.00;23.33;-103.61;90.30,
03.23.2017 13:00:00;NN(100000);NDIYK06;WSU6483;6483;WSU6483K;59492;100.00;99.44;100.00;100.00;99.44;100.00;100.00;100.00;99.54;99.72;0.00;0.00;0.00;0;99.58;100.00;0.58;0.11;100.00;0.00;100.00;99.44;0.00;100.00;100.00;0.00;100.00;99.58;22.03;-105.87;88.73,
03.23.2017 13:00:00;NN(100000);NDIYK06;WSU6483;6483;WSU6483D;64837;97.92;94.40;97.92;100.00;95.67;98.67;97.92;95.88;99.62;99.81;0.00;0.00;0.09;1;100.00;100.00;0.95;0.34;100.00;1.02;95.93;99.73;1.33;100.00;97.92;0.00;100.00;100.00;22.11;-103.34;80.58,
03.23.2017 13:00:00;NN(100000);NDIYK06;WSU6483;6483;WSU6483G;64838;100.00;99.70;100.00;100.00;99.70;100.00;100.00;100.00;99.71;99.73;0.00;0.00;0.30;0;100.00;100.00;2.01;0.33;100.00;0.00;100.00;99.70;0.00;100.00;100.00;0.00;97.22;100.00;21.34;-105.21;96.54,
03.23.2017 13:00:00;NN(100000);NDIYK06;WSU6483;6483;WSU6483H;64839;100.00;98.99;100.00;100.00;98.99;100.00;100.00;100.00;98.90;98.97;0.00;5.56;0.00;0;100.00;50.00;0.39;0.36;100.00;0.00;100.00;98.99;0.00;100.00;100.00;0.00;100.00;100.00;22.59;-105.29;98.58,
03.23.2017 13:00:00;NN(100000);NDIYK06;WSU6483;6483;WSU6483L;59493;100.00;100.00;100.00;100.00;100.00;100.00;100.00;100.00;100.00;100.00;0.00;0.00;0.00;0;100.00;100.00;0.48;0.18;100.00;0.00;100.00;100.00;0.00;100.00;100.00;0.00;100.00;100.00;24.88;-106.13;90.16,
03.23.2017 13:00:00;NN(100000);NDIYK06;WSU6483;6483;WSU6483J;59491;100.00;89.34;100.00;100.00;92.92;96.15;100.00;97.44;98.98;99.29;0.00;0.00;0.00;4;100.00;100.00;0.38;0.09;100.00;0.98;96.43;96.36;3.85;100.00;100.00;0.00;91.67;100.00;19.35;-105.44;94.56,
03.23.2017 13:00:00;NN(100000);NDIYK06;WSU6483;6483;WSU6483A;64836;94.28;94.53;94.28;100.00;97.20;97.26;95.02;97.61;99.57;99.58;0.00;1.14;0.24;3;100.00;100.00;0.60;0.73;100.00;3.65;97.82;99.36;2.74;95.05;99.19;0.00;99.23;100.00;23.80;-101.08;84.05,
03.23.2017 14:00:00;NN(100000);NDIYK06;WSU6483;6483;WSU6483C;64831;97.78;88.58;97.78;100.00;90.79;97.57;97.78;91.89;99.46;99.51;0.00;2.16;0.18;2;99.93;100.00;0.64;0.65;100.00;4.72;92.02;98.67;2.43;100.00;97.78;0.00;98.90;99.93;23.80;-101.81;91.39,
03.23.2017 14:00:00;NN(100000);NDIYK06;WSU6483;6483;WSU6483F;64832;100.00;94.41;100.00;100.00;95.76;98.59;100.00;95.96;99.83;99.94;0.00;0.00;0.00;1;99.85;;0.85;0.43;100.00;3.68;100.00;95.76;1.41;100.00;100.00;0.00;0.00;99.85;23.02;-104.01;89.87,
03.23.2017 14:00:00;NN(100000);NDIYK06;WSU6483;6483;WSU6483I;64833;100.00;87.80;100.00;100.00;87.80;100.00;100.00;88.89;99.69;99.60;0.00;0.00;0.00;0;100.00;100.00;0.31;0.27;100.00;0.00;88.24;99.50;0.00;100.00;100.00;0.00;100.00;100.00;23.94;-105.41;97.78,
03.23.2017 14:00:00;NN(100000);NDIYK06;WSU6483;6483;WSU6483B;64830;92.82;92.65;92.82;100.00;95.38;97.14;92.81;95.45;99.63;99.68;0.00;0.99;0.28;3;100.00;90.00;0.83;0.73;100.00;5.46;95.73;99.63;2.86;93.75;99.01;0.00;100.00;100.00;23.49;-101.16;90.87,
03.23.2017 14:00:00;NN(100000);NDIYK06;WSU6483;6483;WSU6483E;64835;100.00;91.68;100.00;100.00;91.68;100.00;100.00;91.67;99.82;99.93;0.00;0.00;0.12;0;100.00;;0.64;0.41;100.00;0.77;92.00;99.66;0.00;100.00;100.00;0.00;100.00;100.00;22.81;-103.31;85.29,
03.23.2017 14:00:00;NN(100000);NDIYK06;WSU6483;6483;WSU6483K;59492;100.00;100.00;100.00;100.00;100.00;100.00;100.00;100.00;99.53;99.63;0.00;0.00;0.00;0;100.00;;0.20;0.02;100.00;0.00;100.00;100.00;0.00;100.00;100.00;0.00;100.00;100.00;21.65;-106.02;91.38,
03.23.2017 14:00:00;NN(100000);NDIYK06;WSU6483;6483;WSU6483D;64837;100.00;94.53;100.00;100.00;95.40;99.09;100.00;95.63;99.77;99.91;0.00;0.00;0.27;1;99.81;;1.03;0.23;100.00;1.30;98.29;97.07;0.91;100.00;100.00;0.00;0.00;99.81;22.49;-103.89;82.92,
03.23.2017 14:00:00;NN(100000);NDIYK06;WSU6483;6483;WSU6483G;64838;97.78;100.00;100.00;97.78;100.00;100.00;100.00;100.00;100.00;100.00;2.22;5.68;0.37;0;100.00;100.00;0.69;0.16;100.00;1.55;100.00;100.00;0.00;100.00;100.00;2.22;80.00;100.00;20.77;-104.98;94.03,
03.23.2017 14:00:00;NN(100000);NDIYK06;WSU6483;6483;WSU6483H;64839;100.00;99.69;100.00;100.00;99.69;100.00;100.00;100.00;99.55;99.60;0.00;4.17;0.00;0;100.00;100.00;0.34;0.23;100.00;0.00;100.00;99.69;0.00;100.00;100.00;0.00;100.00;100.00;23.11;-105.25;99.04,
03.23.2017 14:00:00;NN(100000);NDIYK06;WSU6483;6483;WSU6483L;59493;100.00;86.49;100.00;100.00;86.49;100.00;100.00;87.50;99.50;99.63;0.00;20.00;0.60;0;100.00;100.00;0.31;0.02;100.00;0.00;87.50;98.84;0.00;100.00;100.00;0.00;83.33;100.00;24.60;-106.09;95.52,
03.23.2017 14:00:00;NN(100000);NDIYK06;WSU6483;6483;WSU6483J;59491;100.00;96.88;100.00;100.00;96.88;100.00;100.00;100.00;97.21;97.90;0.00;8.33;0.00;0;100.00;100.00;0.44;0.11;100.00;0.00;100.00;96.88;0.00;100.00;100.00;0.00;100.00;100.00;20.93;-105.44;89.66,
03.23.2017 14:00:00;NN(100000);NDIYK06;WSU6483;6483;WSU6483A;64836;92.12;92.60;93.00;99.06;95.60;96.86;92.94;96.00;99.60;99.64;0.94;4.76;0.19;3;99.96;91.67;1.34;0.50;100.00;3.34;96.47;99.10;3.14;98.06;94.84;0.94;98.29;99.96;23.51;-101.60;87.14,
03.23.2017 15:00:00;NN(100000);NDIYK06;WSU6483;6483;WSU6483C;64831;100.00;93.25;100.00;100.00;95.92;97.21;100.00;96.14;99.40;99.46;0.00;0.00;0.18;3;99.97;100.00;0.47;0.86;100.00;4.17;96.54;99.36;2.79;100.00;100.00;0.00;98.08;99.97;24.02;-101.58;91.53,
03.23.2017 15:00:00;NN(100000);NDIYK06;WSU6483;6483;WSU6483F;64832;100.00;91.58;100.00;100.00;91.58;100.00;100.00;91.51;99.75;99.89;0.00;0.00;0.00;0;100.00;;0.64;0.25;100.00;0.71;92.86;98.62;0.00;100.00;100.00;0.00;100.00;100.00;22.36;-104.12;88.48,
03.23.2017 15:00:00;NN(100000);NDIYK06;WSU6483;6483;WSU6483I;64833;97.62;95.92;100.00;97.62;99.61;96.30;100.00;100.00;99.63;99.68;2.38;4.55;0.14;4;100.00;100.00;0.58;0.10;100.00;2.67;100.00;99.61;3.70;100.00;100.00;2.38;87.50;100.00;24.10;-105.13;97.05,
03.23.2017 15:00:00;NN(100000);NDIYK06;WSU6483;6483;WSU6483B;64830;98.11;90.38;98.11;100.00;91.76;98.50;98.04;92.06;99.24;99.38;0.00;3.77;0.23;1;99.97;66.67;0.45;0.83;100.00;2.83;92.77;98.90;1.50;100.00;98.11;0.00;100.00;99.97;23.23;-101.91;89.16,
03.23.2017 15:00:00;NN(100000);NDIYK06;WSU6483;6483;WSU6483E;64835;96.55;92.71;96.55;100.00;96.32;96.25;96.55;96.55;99.57;99.77;0.00;8.33;0.12;4;100.00;100.00;0.43;0.69;100.00;4.10;96.88;99.43;3.75;100.00;96.55;0.00;100.00;100.00;22.36;-102.42;84.36,
03.23.2017 15:00:00;NN(100000);NDIYK06;WSU6483;6483;WSU6483K;59492;100.00;91.94;100.00;100.00;91.94;100.00;100.00;92.31;99.66;99.73;0.00;2.94;0.75;0;100.00;;0.16;0.05;100.00;0.00;92.31;99.60;0.00;100.00;100.00;0.00;100.00;100.00;22.32;-105.90;89.29,
03.23.2017 15:00:00;NN(100000);NDIYK06;WSU6483;6483;WSU6483D;64837;98.59;99.02;98.59;100.00;99.54;99.48;98.57;100.00;99.63;99.84;0.00;0.00;0.37;1;100.00;50.00;1.21;0.31;100.00;1.54;100.00;99.54;0.52;100.00;98.59;0.00;100.00;100.00;22.51;-102.83;79.75,
03.23.2017 15:00:00;NN(100000);NDIYK06;WSU6483;6483;WSU6483G;64838;98.46;94.50;98.46;100.00;96.08;98.36;98.46;96.30;99.80;99.81;0.00;3.31;0.00;2;100.00;;0.86;0.24;100.00;1.11;96.30;99.77;1.64;100.00;98.46;0.00;96.00;100.00;20.95;-104.39;94.79,
03.23.2017 15:00:00;NN(100000);NDIYK06;WSU6483;6483;WSU6483H;64839;100.00;99.71;100.00;100.00;99.71;100.00;100.00;100.00;99.46;99.51;0.00;3.03;0.14;0;99.48;100.00;0.86;0.26;100.00;0.00;100.00;99.71;0.00;100.00;100.00;0.00;100.00;99.48;22.90;-105.28;98.57,
03.23.2017 15:00:00;NN(100000);NDIYK06;WSU6483;6483;WSU6483L;59493;100.00;88.90;100.00;100.00;88.90;100.00;100.00;88.89;98.94;99.43;0.00;11.11;0.00;0;100.00;100.00;0.16;0.11;100.00;0.00;90.00;98.78;0.00;100.00;100.00;0.00;100.00;100.00;25.52;-105.95;98.70,
03.23.2017 15:00:00;NN(100000);NDIYK06;WSU6483;6483;WSU6483J;59491;100.00;94.16;100.00;100.00;94.16;100.00;100.00;95.65;98.63;99.15;0.00;0.00;0.00;0;100.00;;0.95;0.18;100.00;0.00;95.65;98.44;0.00;100.00;100.00;0.00;90.91;100.00;19.46;-105.40;94.25,
03.23.2017 15:00:00;NN(100000);NDIYK06;WSU6483;6483;WSU6483A;64836;100.00;94.05;100.00;100.00;96.41;97.56;100.00;96.92;99.57;99.60;0.00;0.81;0.28;2;100.00;100.00;1.02;0.65;100.00;3.97;97.20;99.19;2.44;100.00;100.00;0.00;98.46;100.00;23.12;-99.72;85.32,
03.23.2017 16:00:00;NN(100000);NDIYK06;WSU6483;6483;WSU6483C;64831;100.00;94.98;100.00;100.00;95.77;99.17;100.00;96.27;99.54;99.60;0.00;0.96;0.13;1;100.00;100.00;0.38;0.78;100.00;1.49;96.47;99.28;0.83;100.00;100.00;0.00;98.31;100.00;24.19;-101.77;92.53,
03.23.2017 16:00:00;NN(100000);NDIYK06;WSU6483;6483;WSU6483F;64832;100.00;92.72;100.00;100.00;95.87;96.72;100.00;95.65;99.78;99.93;0.00;0.00;0.30;3;100.00;;0.70;0.15;100.00;2.44;96.15;99.70;3.28;100.00;100.00;0.00;100.00;100.00;21.61;-104.50;85.76,
03.23.2017 16:00:00;NN(100000);NDIYK06;WSU6483;6483;WSU6483I;64833;100.00;90.91;100.00;100.00;90.91;100.00;100.00;100.00;100.00;100.00;0.00;0.00;0.25;0;99.76;;0.37;0.13;100.00;0.00;90.91;100.00;0.00;100.00;100.00;0.00;90.00;99.76;24.52;-105.36;95.26,
03.23.2017 16:00:00;NN(100000);NDIYK06;WSU6483;6483;WSU6483B;64830;90.91;93.18;90.91;100.00;95.60;97.46;90.91;97.12;99.63;99.72;0.00;4.71;0.12;3;100.00;66.67;0.64;1.13;100.00;2.89;96.43;99.15;2.54;90.91;100.00;0.00;100.00;100.00;23.96;-101.72;92.16,
03.23.2017 16:00:00;NN(100000);NDIYK06;WSU6483;6483;WSU6483E;64835;100.00;96.32;100.00;100.00;96.32;100.00;100.00;96.55;99.81;99.88;0.00;12.50;0.13;0;100.00;;0.94;0.23;100.00;0.00;96.67;99.65;0.00;100.00;100.00;0.00;100.00;100.00;22.20;-104.53;89.93,
03.23.2017 16:00:00;NN(100000);NDIYK06;WSU6483;6483;WSU6483K;59492;100.00;100.00;100.00;100.00;100.00;100.00;100.00;100.00;100.00;100.00;0.00;0.00;0.00;0;100.00;100.00;0.38;0.04;100.00;0.00;100.00;100.00;0.00;100.00;100.00;0.00;100.00;100.00;24.10;-105.92;98.85,
03.23.2017 16:00:00;NN(100000);NDIYK06;WSU6483;6483;WSU6483D;64837;100.00;97.04;100.00;100.00;97.63;99.40;100.00;97.58;99.92;99.97;0.00;0.00;0.29;1;100.00;100.00;1.16;0.13;100.00;1.84;97.73;99.90;0.60;100.00;100.00;0.00;100.00;100.00;22.78;-104.25;85.03,
03.23.2017 16:00:00;NN(100000);NDIYK06;WSU6483;6483;WSU6483G;64838;95.16;100.00;100.00;95.16;100.00;100.00;100.00;100.00;100.00;100.00;4.84;2.44;0.19;0;100.00;100.00;1.07;0.15;100.00;2.31;100.00;100.00;0.00;100.00;100.00;4.84;87.50;100.00;22.65;-105.16;93.59,
03.23.2017 16:00:00;NN(100000);NDIYK06;WSU6483;6483;WSU6483H;64839;100.00;98.98;100.00;100.00;98.98;100.00;100.00;100.00;99.29;99.45;0.00;3.85;0.00;0;99.75;100.00;0.38;0.10;100.00;0.00;100.00;98.98;0.00;100.00;100.00;0.00;80.00;99.75;24.21;-105.34;97.04,
03.23.2017 16:00:00;NN(100000);NDIYK06;WSU6483;6483;WSU6483L;59493;100.00;99.48;100.00;100.00;99.48;100.00;100.00;100.00;99.53;99.58;0.00;0.00;0.00;0;100.00;100.00;0.76;0.11;100.00;0.00;100.00;99.48;0.00;100.00;100.00;0.00;100.00;100.00;24.22;-105.84;95.16,
03.23.2017 16:00:00;NN(100000);NDIYK06;WSU6483;6483;WSU6483J;59491;100.00;100.00;100.00;100.00;100.00;100.00;100.00;100.00;100.00;100.00;0.00;2.94;0.70;0;100.00;;0.47;0.09;100.00;0.00;100.00;100.00;0.00;100.00;100.00;0.00;100.00;100.00;21.93;-105.46;92.75,
03.23.2017 16:00:00;NN(100000);NDIYK06;WSU6483;6483;WSU6483A;64836;97.17;93.69;97.17;100.00;96.01;97.59;97.02;96.68;99.48;99.53;0.00;2.25;0.13;2;100.00;100.00;0.49;0.52;100.00;4.01;96.63;99.35;2.41;98.25;98.90;0.00;100.00;100.00;23.89;-101.70;86.64,
03.23.2017 17:00:00;NN(100000);NDIYK06;WSU6483;6483;WSU6483C;64831;100.00;96.69;100.00;100.00;99.04;97.63;100.00;99.50;99.54;99.60;0.00;0.00;0.11;2;100.00;75.00;0.32;0.68;100.00;3.59;99.53;99.51;2.37;100.00;100.00;0.00;100.00;100.00;24.63;-101.10;91.36,
03.23.2017 17:00:00;NN(100000);NDIYK06;WSU6483;6483;WSU6483F;64832;100.00;93.75;100.00;100.00;93.75;100.00;100.00;93.33;100.00;100.00;0.00;0.00;0.00;0;100.00;;0.44;0.13;100.00;0.00;93.75;100.00;0.00;100.00;100.00;0.00;100.00;100.00;21.89;-104.49;89.04,
03.23.2017 17:00:00;NN(100000);NDIYK06;WSU6483;6483;WSU6483I;64833;100.00;97.37;100.00;100.00;100.00;97.37;100.00;95.65;99.84;99.87;0.00;0.00;0.00;3;100.00;;0.78;0.14;100.00;1.11;100.00;100.00;2.63;100.00;100.00;0.00;100.00;100.00;22.56;-105.55;95.73,
03.23.2017 17:00:00;NN(100000);NDIYK06;WSU6483;6483;WSU6483B;64830;96.47;93.23;96.47;100.00;95.20;97.93;96.34;95.81;99.71;99.72;0.00;0.00;0.11;2;99.97;100.00;1.48;0.59;100.00;3.64;95.53;99.66;2.07;100.00;96.47;0.00;100.00;99.97;24.28;-101.26;91.07,
03.23.2017 17:00:00;NN(100000);NDIYK06;WSU6483;6483;WSU6483E;64835;100.00;90.78;100.00;100.00;92.49;98.15;100.00;92.31;99.68;99.88;0.00;0.00;0.28;2;99.96;;1.11;0.22;100.00;0.93;92.86;99.60;1.85;100.00;100.00;0.00;100.00;99.96;22.73;-104.31;89.63,
03.23.2017 17:00:00;NN(100000);NDIYK06;WSU6483;6483;WSU6483K;59492;100.00;99.25;100.00;100.00;99.25;100.00;100.00;100.00;99.35;99.65;0.00;0.00;0.71;0;100.00;;0.11;0.04;100.00;0.00;100.00;99.25;0.00;100.00;100.00;0.00;100.00;100.00;23.69;-105.99;89.13,
03.23.2017 17:00:00;NN(100000);NDIYK06;WSU6483;6483;WSU6483D;64837;100.00;96.03;100.00;100.00;96.64;99.37;100.00;96.36;100.00;100.00;0.00;0.00;0.12;1;100.00;100.00;1.17;0.18;100.00;1.89;96.64;100.00;0.63;100.00;100.00;0.00;100.00;100.00;23.03;-104.12;79.68,
03.23.2017 17:00:00;NN(100000);NDIYK06;WSU6483;6483;WSU6483G;64838;100.00;99.35;100.00;100.00;99.35;100.00;100.00;100.00;99.40;99.48;0.00;0.00;0.16;0;100.00;100.00;0.91;0.20;100.00;0.72;100.00;99.35;0.00;100.00;100.00;0.00;100.00;100.00;20.50;-105.16;94.61,
03.23.2017 17:00:00;NN(100000);NDIYK06;WSU6483;6483;WSU6483H;64839;100.00;98.92;100.00;100.00;98.92;100.00;100.00;100.00;99.03;99.21;0.00;1.89;0.53;0;100.00;50.00;0.65;0.20;100.00;0.00;100.00;98.92;0.00;100.00;100.00;0.00;90.00;100.00;22.31;-105.35;97.44,
03.23.2017 17:00:00;NN(100000);NDIYK06;WSU6483;6483;WSU6483L;59493;100.00;99.17;100.00;100.00;99.17;100.00;100.00;100.00;99.22;99.43;0.00;0.00;0.00;0;100.00;100.00;0.26;0.02;100.00;0.00;100.00;99.17;0.00;100.00;100.00;0.00;100.00;100.00;23.80;-106.32;100.00,
03.23.2017 17:00:00;NN(100000);NDIYK06;WSU6483;6483;WSU6483J;59491;100.00;94.03;100.00;100.00;94.03;100.00;100.00;94.74;99.59;99.39;0.00;8.33;0.44;0;100.00;100.00;0.70;0.07;100.00;0.00;94.44;99.56;0.00;100.00;100.00;0.00;100.00;100.00;22.68;-105.48;95.92,
03.23.2017 17:00:00;NN(100000);NDIYK06;WSU6483;6483;WSU6483A;64836;95.27;95.62;95.27;100.00;97.10;98.48;95.11;97.93;99.59;99.62;0.00;0.92;0.11;2;100.00;42.86;1.26;0.61;100.00;3.16;97.66;99.43;1.52;96.97;98.25;0.00;100.00;100.00;24.17;-100.88;86.63,
03.23.2017 18:00:00;NN(100000);NDIYK06;WSU6483;6483;WSU6483C;64831;98.57;90.87;98.57;100.00;93.05;97.65;98.57;93.22;99.63;99.65;0.00;0.60;0.16;2;100.00;75.00;1.02;0.69;100.00;2.60;93.63;99.39;2.35;100.00;98.57;0.00;100.00;100.00;24.00;-100.75;91.82,
03.23.2017 18:00:00;NN(100000);NDIYK06;WSU6483;6483;WSU6483F;64832;95.45;92.72;95.45;100.00;92.72;100.00;95.45;92.86;99.89;99.96;0.00;10.00;0.14;0;99.96;;0.72;0.15;100.00;0.00;92.86;99.86;0.00;100.00;95.45;0.00;100.00;99.96;21.66;-104.28;86.65,
03.23.2017 18:00:00;NN(100000);NDIYK06;WSU6483;6483;WSU6483I;64833;88.89;92.88;88.89;100.00;92.88;100.00;88.89;93.75;99.38;99.49;0.00;0.00;0.18;0;100.00;100.00;0.26;0.26;100.00;0.00;93.33;99.52;0.00;88.89;100.00;0.00;94.44;100.00;24.05;-105.62;96.79,
03.23.2017 18:00:00;NN(100000);NDIYK06;WSU6483;6483;WSU6483B;64830;98.06;96.09;98.06;100.00;98.29;97.76;98.02;99.31;99.64;99.68;0.00;0.00;0.21;2;99.97;85.71;2.50;0.89;100.00;2.17;98.68;99.61;2.24;100.00;98.06;0.00;98.45;99.97;23.58;-100.66;91.44,
03.23.2017 18:00:00;NN(100000);NDIYK06;WSU6483;6483;WSU6483E;64835;96.43;96.83;96.43;100.00;99.86;96.97;96.43;100.00;99.89;99.96;0.00;7.14;0.15;3;100.00;;0.82;0.12;100.00;1.49;100.00;99.86;3.03;100.00;96.43;0.00;100.00;100.00;21.75;-104.20;95.70,
03.23.2017 18:00:00;NN(100000);NDIYK06;WSU6483;6483;WSU6483K;59492;100.00;100.00;100.00;100.00;100.00;100.00;100.00;100.00;100.00;100.00;0.00;0.00;0.00;0;100.00;100.00;0.21;0.11;100.00;0.00;100.00;100.00;0.00;100.00;100.00;0.00;100.00;100.00;24.60;-105.67;98.97,
03.23.2017 18:00:00;NN(100000);NDIYK06;WSU6483;6483;WSU6483D;64837;100.00;97.20;100.00;100.00;97.20;100.00;100.00;98.18;99.70;99.89;0.00;0.00;0.00;0;99.96;100.00;0.78;0.10;100.00;1.32;97.44;99.75;0.00;100.00;100.00;0.00;100.00;99.96;21.96;-104.03;85.07,
03.23.2017 18:00:00;NN(100000);NDIYK06;WSU6483;6483;WSU6483G;64838;97.92;99.65;100.00;97.92;99.65;100.00;100.00;100.00;99.80;99.75;2.08;2.01;0.22;0;100.00;0.00;0.55;0.27;100.00;0.52;100.00;99.65;0.00;100.00;100.00;2.08;93.94;100.00;20.26;-105.07;95.55,
03.23.2017 18:00:00;NN(100000);NDIYK06;WSU6483;6483;WSU6483H;64839;96.00;90.84;100.00;96.00;99.49;91.30;100.00;100.00;99.39;99.48;4.00;10.00;0.00;9;99.86;;0.59;0.24;100.00;4.35;100.00;99.49;8.70;100.00;100.00;4.00;83.33;99.86;21.96;-105.39;96.75,
03.23.2017 18:00:00;NN(100000);NDIYK06;WSU6483;6483;WSU6483L;59493;100.00;77.78;100.00;100.00;77.78;100.00;100.00;77.78;99.46;99.59;0.00;0.00;0.62;0;100.00;100.00;0.27;0.05;100.00;0.00;77.78;100.00;0.00;100.00;100.00;0.00;100.00;100.00;25.43;-106.05;100.00,
03.23.2017 18:00:00;NN(100000);NDIYK06;WSU6483;6483;WSU6483J;59491;100.00;100.00;100.00;100.00;100.00;100.00;100.00;100.00;100.00;100.00;0.00;0.00;0.29;0;100.00;50.00;0.30;0.18;100.00;0.00;100.00;100.00;0.00;100.00;100.00;0.00;100.00;100.00;23.26;-105.39;97.48,
03.23.2017 18:00:00;NN(100000);NDIYK06;WSU6483;6483;WSU6483A;64836;98.04;95.55;98.04;100.00;97.73;97.76;97.98;98.28;99.53;99.54;0.00;0.00;0.07;2;99.89;100.00;0.88;0.53;100.00;4.27;98.36;99.36;2.24;98.92;99.11;0.00;99.36;99.89;23.63;-100.45;86.00,
03.23.2017 19:00:00;NN(100000);NDIYK06;WSU6483;6483;WSU6483C;64831;91.81;87.32;94.59;97.06;89.14;97.96;94.28;90.44;99.38;99.44;3.00;0.92;0.21;2;98.69;90.91;1.60;1.05;100.00;1.88;90.28;98.74;2.04;97.22;97.30;2.94;100.00;98.69;21.81;-99.34;77.45,
03.23.2017 19:00:00;NN(100000);NDIYK06;WSU6483;6483;WSU6483F;64832;100.00;88.41;100.00;100.00;88.41;100.00;100.00;87.10;99.64;99.86;0.00;0.00;0.48;0;99.30;100.00;2.31;0.62;100.00;0.00;88.73;99.64;0.00;100.00;100.00;0.00;100.00;99.30;21.24;-103.00;79.51,
03.23.2017 19:00:00;NN(100000);NDIYK06;WSU6483;6483;WSU6483I;64833;97.14;86.59;100.00;97.14;94.84;91.30;100.00;94.74;99.68;99.86;2.94;3.51;0.45;9;99.51;100.00;1.23;0.39;100.00;5.38;95.00;99.83;8.70;100.00;100.00;2.86;95.74;99.51;22.23;-105.23;97.29,
03.23.2017 19:00:00;NN(100000);NDIYK06;WSU6483;6483;WSU6483B;64830;92.72;88.90;92.72;100.00;91.05;97.64;92.50;92.69;98.90;99.01;0.00;1.59;0.27;2;98.87;84.21;2.24;0.71;100.00;3.03;92.44;98.49;2.36;96.88;95.71;0.00;99.54;98.87;22.10;-99.94;77.65,
03.23.2017 19:00:00;NN(100000);NDIYK06;WSU6483;6483;WSU6483E;64835;100.00;82.98;100.00;100.00;84.76;97.89;100.00;84.13;99.52;99.84;0.00;6.25;0.13;2;98.96;100.00;1.07;0.32;100.00;1.26;85.29;99.38;2.11;100.00;100.00;0.00;100.00;98.96;21.37;-104.09;76.04,
03.23.2017 19:00:00;NN(100000);NDIYK06;WSU6483;6483;WSU6483K;59492;100.00;100.00;100.00;100.00;100.00;100.00;100.00;100.00;99.74;100.00;0.00;7.69;0.00;0;98.99;100.00;0.81;0.08;100.00;0.00;100.00;100.00;0.00;100.00;100.00;0.00;100.00;98.99;22.18;-105.79;98.59,
03.23.2017 19:00:00;NN(100000);NDIYK06;WSU6483;6483;WSU6483D;64837;100.00;88.07;100.00;100.00;89.63;98.27;100.00;91.30;99.67;99.86;0.00;0.00;0.00;2;99.39;100.00;1.68;0.53;100.00;0.69;90.00;99.59;1.73;100.00;100.00;0.00;100.00;99.39;20.75;-103.68;76.19,
03.23.2017 19:00:00;NN(100000);NDIYK06;WSU6483;6483;WSU6483G;64838;100.00;94.07;100.00;100.00;96.92;97.06;100.00;98.70;99.58;99.73;0.00;1.64;0.78;3;99.90;66.67;0.84;0.42;100.00;1.80;97.33;99.57;2.94;100.00;100.00;0.00;97.62;99.90;19.62;-105.15;96.22,
03.23.2017 19:00:00;NN(100000);NDIYK06;WSU6483;6483;WSU6483H;64839;100.00;88.60;100.00;100.00;91.77;96.55;100.00;92.00;99.53;99.62;0.00;2.90;0.43;3;99.35;50.00;0.96;0.43;100.00;1.92;92.16;99.58;3.45;100.00;100.00;0.00;100.00;99.35;21.44;-105.19;98.80,
03.23.2017 19:00:00;NN(100000);NDIYK06;WSU6483;6483;WSU6483L;59493;100.00;61.05;100.00;100.00;71.23;85.71;100.00;71.43;99.52;100.00;0.00;11.76;0.27;14;99.37;100.00;0.51;0.09;100.00;4.00;71.43;99.72;14.29;100.00;100.00;0.00;92.31;99.37;24.31;-105.97;99.02,
03.23.2017 19:00:00;NN(100000);NDIYK06;WSU6483;6483;WSU6483J;59491;100.00;99.77;100.00;100.00;99.77;100.00;100.00;100.00;99.42;99.85;0.00;3.90;0.61;0;99.07;60.00;0.62;0.06;100.00;0.00;100.00;99.77;0.00;100.00;100.00;0.00;100.00;99.07;21.15;-105.51;95.48,
03.23.2017 19:00:00;NN(100000);NDIYK06;WSU6483;6483;WSU6483A;64836;95.20;87.56;97.16;97.98;90.56;96.68;97.08;93.27;98.84;98.93;2.08;0.00;0.16;3;98.87;76.47;1.57;1.02;100.00;3.49;91.87;98.58;3.32;98.80;98.35;2.02;98.94;98.87;21.80;-99.05;76.26,
03.23.2017 20:00:00;NN(100000);NDIYK06;WSU6483;6483;WSU6483C;64831;96.73;90.09;96.73;100.00;93.29;96.57;96.57;93.82;99.41;99.48;0.00;0.52;0.10;3;99.88;100.00;1.47;0.84;100.00;6.40;93.84;99.41;3.43;97.56;99.15;0.00;100.00;99.88;23.35;-100.08;87.68,
03.23.2017 20:00:00;NN(100000);NDIYK06;WSU6483;6483;WSU6483F;64832;100.00;93.49;100.00;100.00;96.95;96.43;100.00;97.14;99.52;99.82;0.00;0.00;0.00;4;100.00;;1.43;0.16;100.00;1.92;97.56;99.38;3.57;100.00;100.00;0.00;100.00;100.00;21.41;-104.03;85.90,
03.23.2017 20:00:00;NN(100000);NDIYK06;WSU6483;6483;WSU6483I;64833;100.00;89.64;100.00;100.00;89.64;100.00;100.00;90.10;99.65;99.72;0.00;0.00;0.00;0;99.63;100.00;0.71;0.23;100.00;1.11;92.86;96.54;0.00;100.00;100.00;0.00;100.00;99.63;23.12;-105.48;98.01,
03.23.2017 20:00:00;NN(100000);NDIYK06;WSU6483;6483;WSU6483B;64830;96.00;91.63;96.00;100.00;94.20;97.27;95.65;95.41;99.04;99.11;0.00;3.09;0.18;3;99.87;100.00;1.66;0.86;100.00;4.23;95.17;98.98;2.73;96.00;100.00;0.00;100.00;99.87;22.96;-100.00;87.16,
03.23.2017 20:00:00;NN(100000);NDIYK06;WSU6483;6483;WSU6483E;64835;83.33;73.71;83.33;100.00;78.22;94.23;83.33;78.26;99.09;99.63;0.00;0.00;0.41;6;99.95;;0.97;0.18;100.00;3.49;79.17;98.81;5.77;83.33;100.00;0.00;100.00;99.95;21.19;-103.93;85.78,
03.23.2017 20:00:00;NN(100000);NDIYK06;WSU6483;6483;WSU6483K;59492;100.00;88.64;100.00;100.00;88.64;100.00;100.00;88.89;99.73;99.77;0.00;0.00;0.00;0;100.00;;0.18;0.03;100.00;0.00;88.89;99.72;0.00;100.00;100.00;0.00;100.00;100.00;21.94;-106.20;99.22,
03.23.2017 20:00:00;NN(100000);NDIYK06;WSU6483;6483;WSU6483D;64837;97.73;93.99;97.73;100.00;95.31;98.61;97.62;95.28;99.89;100.00;0.00;0.00;0.29;1;100.00;;1.39;0.13;100.00;1.44;95.45;99.85;1.39;100.00;97.73;0.00;66.67;100.00;21.06;-103.26;78.94,
03.23.2017 20:00:00;NN(100000);NDIYK06;WSU6483;6483;WSU6483G;64838;98.21;96.57;100.00;98.21;96.57;100.00;100.00;96.43;99.81;99.84;1.79;2.78;0.20;0;99.88;100.00;0.93;0.33;100.00;3.59;96.67;99.90;0.00;100.00;100.00;1.79;94.44;99.88;20.31;-104.82;94.17,
03.23.2017 20:00:00;NN(100000);NDIYK06;WSU6483;6483;WSU6483H;64839;100.00;99.25;100.00;100.00;99.25;100.00;100.00;100.00;99.19;99.31;0.00;0.00;0.46;0;99.86;100.00;0.79;0.32;100.00;0.00;100.00;99.25;0.00;100.00;100.00;0.00;90.91;99.86;22.12;-105.34;98.36,
03.23.2017 20:00:00;NN(100000);NDIYK06;WSU6483;6483;WSU6483L;59493;100.00;100.00;100.00;100.00;100.00;100.00;100.00;100.00;100.00;100.00;0.00;0.00;0.00;0;100.00;;0.17;0.04;100.00;0.00;100.00;100.00;0.00;100.00;100.00;0.00;100.00;100.00;24.98;-106.20;97.01,
03.23.2017 20:00:00;NN(100000);NDIYK06;WSU6483;6483;WSU6483J;59491;100.00;87.00;100.00;100.00;87.00;100.00;100.00;100.00;98.15;98.63;0.00;2.70;0.26;0;100.00;;0.49;0.09;100.00;0.00;88.89;97.87;0.00;100.00;100.00;0.00;100.00;100.00;20.72;-105.72;94.25,
03.23.2017 20:00:00;NN(100000);NDIYK06;WSU6483;6483;WSU6483A;64836;95.98;91.23;95.98;100.00;95.10;95.94;95.79;96.06;99.40;99.43;0.00;0.81;0.04;4;99.77;90.00;1.42;1.01;100.00;3.93;96.08;98.98;4.06;96.70;99.25;0.00;99.40;99.77;22.87;-99.00;83.40,
03.23.2017 21:00:00;NN(100000);NDIYK06;WSU6483;6483;WSU6483C;64831;94.10;86.80;94.10;100.00;90.17;96.26;94.06;90.64;99.37;99.46;0.00;0.61;0.25;4;99.80;88.89;0.47;1.05;100.00;4.99;90.84;99.26;3.74;95.24;98.81;0.00;98.99;99.80;23.25;-100.79;86.13,
03.23.2017 21:00:00;NN(100000);NDIYK06;WSU6483;6483;WSU6483F;64832;100.00;86.31;100.00;100.00;87.85;98.25;100.00;86.96;99.50;99.82;0.00;0.00;0.14;2;99.82;;0.54;0.23;100.00;1.15;88.46;99.31;1.75;100.00;100.00;0.00;100.00;99.82;20.56;-104.09;89.94,
03.23.2017 21:00:00;NN(100000);NDIYK06;WSU6483;6483;WSU6483I;64833;83.33;99.80;83.33;100.00;99.80;100.00;83.33;100.00;99.63;99.76;0.00;6.90;0.10;0;100.00;100.00;0.92;0.44;100.00;0.00;100.00;99.80;0.00;83.33;100.00;0.00;100.00;100.00;24.22;-105.53;97.77,
03.23.2017 21:00:00;NN(100000);NDIYK06;WSU6483;6483;WSU6483B;64830;95.00;86.15;95.00;100.00;90.47;95.23;94.44;92.08;99.45;99.49;0.00;0.00;0.11;5;99.69;100.00;0.49;0.84;100.00;5.68;91.14;99.26;4.77;95.00;100.00;0.00;100.00;99.69;23.04;-100.48;86.84,
03.23.2017 21:00:00;NN(100000);NDIYK06;WSU6483;6483;WSU6483E;64835;71.59;92.20;75.00;95.45;95.44;96.61;66.67;95.92;99.41;99.77;4.55;0.00;0.25;3;99.83;;1.85;0.14;100.00;2.08;96.30;99.11;3.39;75.00;100.00;4.55;0.00;99.83;20.02;-103.96;86.46,
03.23.2017 21:00:00;NN(100000);NDIYK06;WSU6483;6483;WSU6483K;59492;100.00;100.00;100.00;100.00;100.00;100.00;100.00;100.00;100.00;100.00;0.00;0.00;0.00;0;100.00;;0.66;0.06;100.00;0.00;100.00;100.00;0.00;100.00;100.00;0.00;100.00;100.00;21.43;-106.06;94.29,
03.23.2017 21:00:00;NN(100000);NDIYK06;WSU6483;6483;WSU6483D;64837;96.67;93.97;96.67;100.00;96.06;97.83;96.43;96.43;99.62;99.86;0.00;0.00;0.00;2;99.93;;1.31;0.16;100.00;1.75;96.58;99.46;2.17;96.67;100.00;0.00;100.00;99.93;19.14;-103.80;80.08,
03.23.2017 21:00:00;NN(100000);NDIYK06;WSU6483;6483;WSU6483G;64838;100.00;99.65;100.00;100.00;99.65;100.00;100.00;100.00;99.37;99.44;0.00;1.28;0.45;0;99.90;62.50;0.41;0.25;100.00;4.09;100.00;99.65;0.00;100.00;100.00;0.00;92.31;99.90;19.98;-104.96;96.50,
03.23.2017 21:00:00;NN(100000);NDIYK06;WSU6483;6483;WSU6483H;64839;100.00;99.75;100.00;100.00;99.75;100.00;100.00;100.00;99.66;99.69;0.00;0.00;0.00;0;100.00;;0.12;0.40;100.00;4.00;100.00;99.75;0.00;100.00;100.00;0.00;100.00;100.00;22.72;-104.85;96.82,
03.23.2017 21:00:00;NN(100000);NDIYK06;WSU6483;6483;WSU6483L;59493;100.00;79.07;100.00;100.00;98.84;80.00;100.00;100.00;98.28;98.83;0.00;11.11;0.00;20;100.00;;0.19;0.05;100.00;9.09;100.00;98.84;20.00;100.00;100.00;0.00;100.00;100.00;23.57;-106.15;98.77,
03.23.2017 21:00:00;NN(100000);NDIYK06;WSU6483;6483;WSU6483J;59491;100.00;75.82;100.00;100.00;75.82;100.00;100.00;92.86;99.24;99.31;0.00;0.00;1.19;0;100.00;100.00;0.22;0.14;100.00;0.00;76.47;99.15;0.00;100.00;100.00;0.00;100.00;100.00;19.88;-106.23;96.71,
03.23.2017 21:00:00;NN(100000);NDIYK06;WSU6483;6483;WSU6483A;64836;96.47;88.88;96.47;100.00;92.33;96.27;96.15;92.90;99.38;99.43;0.00;2.29;0.15;4;99.74;100.00;0.79;0.74;100.00;4.03;93.62;98.62;3.73;96.47;100.00;0.00;100.00;99.74;22.66;-99.92;83.49,
03.23.2017 22:00:00;NN(100000);NDIYK06;WSU6483;6483;WSU6483C;64831;93.55;84.41;93.55;100.00;89.28;94.55;93.33;90.77;99.33;99.40;0.00;2.80;0.42;5;99.43;50.00;0.38;1.19;93.60;5.43;90.40;98.76;5.45;93.55;100.00;0.00;94.12;99.43;;-99.94;86.44,
03.23.2017 22:00:00;NN(100000);NDIYK06;WSU6483;6483;WSU6483F;64832;87.50;92.28;87.50;100.00;94.13;98.04;87.50;93.02;99.77;99.96;0.00;0.00;0.33;2;99.68;100.00;0.96;0.15;93.60;3.30;94.44;99.67;1.96;87.50;100.00;0.00;60.00;99.68;;-103.68;89.22,
03.23.2017 22:00:00;NN(100000);NDIYK06;WSU6483;6483;WSU6483I;64833;100.00;86.71;100.00;100.00;89.42;96.97;100.00;92.31;99.71;99.77;0.00;5.00;0.34;3;99.82;;0.10;0.17;93.46;3.70;92.59;96.58;3.03;100.00;100.00;0.00;100.00;99.82;;-105.72;97.53,
03.23.2017 22:00:00;NN(100000);NDIYK06;WSU6483;6483;WSU6483B;64830;93.33;86.91;93.33;100.00;89.94;96.63;92.86;92.25;99.25;99.33;0.00;2.29;0.64;3;99.60;60.00;0.41;0.90;93.74;4.32;91.85;97.92;3.37;93.33;100.00;0.00;94.19;99.60;;-100.15;85.66,
03.23.2017 22:00:00;NN(100000);NDIYK06;WSU6483;6483;WSU6483E;64835;100.00;81.39;100.00;100.00;87.90;92.59;100.00;90.74;99.18;99.66;0.00;0.00;0.43;7;99.82;;0.07;0.16;93.32;4.94;90.16;97.49;7.41;100.00;100.00;0.00;40.00;99.82;;-103.74;89.68,
03.23.2017 22:00:00;NN(100000);NDIYK06;WSU6483;6483;WSU6483K;59492;100.00;88.89;100.00;100.00;88.89;100.00;100.00;88.89;100.00;100.00;0.00;0.00;0.76;0;100.00;;0.02;0.04;93.32;0.00;88.89;100.00;0.00;100.00;100.00;0.00;80.00;100.00;;-106.13;100.00,
03.23.2017 22:00:00;NN(100000);NDIYK06;WSU6483;6483;WSU6483D;64837;100.00;92.05;100.00;100.00;92.05;100.00;100.00;92.55;99.71;99.88;0.00;6.25;0.25;0;100.00;;0.33;0.20;93.05;1.38;92.78;99.21;0.00;100.00;100.00;0.00;100.00;100.00;;-103.83;81.55,
03.23.2017 22:00:00;NN(100000);NDIYK06;WSU6483;6483;WSU6483G;64838;100.00;93.31;100.00;100.00;93.31;100.00;100.00;94.74;99.45;99.49;0.00;0.00;0.49;0;100.00;100.00;0.15;0.23;92.91;3.54;95.08;98.14;0.00;100.00;100.00;0.00;95.00;100.00;;-105.18;97.04,
03.23.2017 22:00:00;NN(100000);NDIYK06;WSU6483;6483;WSU6483H;64839;100.00;97.32;100.00;100.00;97.32;100.00;100.00;100.00;99.19;99.28;0.00;0.00;0.00;0;100.00;;0.58;0.26;92.77;0.00;100.00;97.32;0.00;100.00;100.00;0.00;100.00;100.00;;-105.70;98.20,
03.23.2017 22:00:00;NN(100000);NDIYK06;WSU6483;6483;WSU6483L;59493;0.00;83.28;0.00;100.00;83.28;100.00;;90.00;99.46;99.61;0.00;0.00;0.74;0;99.30;;0.07;0.05;93.32;0.00;90.00;92.53;0.00;0.00;100.00;0.00;100.00;99.30;;-106.12;98.75,
03.23.2017 22:00:00;NN(100000);NDIYK06;WSU6483;6483;WSU6483J;59491;100.00;91.73;100.00;100.00;91.73;100.00;100.00;96.88;97.63;98.48;0.00;3.85;6.15;0;100.00;100.00;0.11;0.09;93.46;0.00;93.94;97.65;0.00;100.00;100.00;0.00;100.00;100.00;;-106.27;92.19,
03.23.2017 22:00:00;NN(100000);NDIYK06;WSU6483;6483;WSU6483A;64836;94.25;89.44;96.55;97.62;92.72;96.46;96.24;94.20;99.35;99.35;2.38;2.38;0.43;4;99.58;33.33;0.19;1.00;93.18;3.38;93.94;98.70;3.54;98.25;98.28;2.38;96.70;99.58;;-99.83;82.35,
03.23.2017 23:00:00;NN(100000);NDIYK06;WSU6483;6483;WSU6483C;64831;100.00;90.48;100.00;100.00;94.09;96.15;100.00;94.82;99.20;99.26;0.00;1.80;0.23;4;99.79;40.00;2.31;1.17;100.00;5.26;95.09;98.95;3.85;100.00;100.00;0.00;100.00;99.79;23.44;-98.88;88.71,
03.23.2017 23:00:00;NN(100000);NDIYK06;WSU6483;6483;WSU6483F;64832;100.00;90.65;100.00;100.00;94.97;95.45;100.00;94.29;99.78;99.92;0.00;0.00;0.00;5;99.95;;0.33;0.49;100.00;3.06;95.24;99.72;4.55;100.00;100.00;0.00;100.00;99.95;21.87;-103.38;88.54,
03.23.2017 23:00:00;NN(100000);NDIYK06;WSU6483;6483;WSU6483I;64833;100.00;99.54;100.00;100.00;99.54;100.00;100.00;100.00;99.57;99.66;0.00;0.00;0.26;0;100.00;;0.19;0.09;100.00;0.00;100.00;99.54;0.00;100.00;100.00;0.00;100.00;100.00;23.77;-105.65;97.42,
03.23.2017 23:00:00;NN(100000);NDIYK06;WSU6483;6483;WSU6483B;64830;97.30;89.65;97.30;100.00;91.25;98.25;96.67;92.16;99.49;99.52;0.00;1.23;0.06;2;99.84;100.00;1.04;0.78;100.00;4.54;92.42;98.73;1.75;100.00;97.30;0.00;99.04;99.84;22.93;-100.96;88.46,
03.23.2017 23:00:00;NN(100000);NDIYK06;WSU6483;6483;WSU6483E;64835;0.00;99.36;0.00;100.00;99.36;100.00;;100.00;99.52;99.78;0.00;0.00;0.25;0;99.84;;0.38;0.35;100.00;0.00;100.00;99.36;0.00;0.00;91.67;0.00;0.00;99.84;21.77;-104.48;89.90,
03.23.2017 23:00:00;NN(100000);NDIYK06;WSU6483;6483;WSU6483K;59492;0.00;66.67;0.00;100.00;66.67;100.00;;66.67;100.00;100.00;0.00;0.00;0.61;0;100.00;;0.00;0.02;100.00;0.00;66.67;100.00;0.00;0.00;100.00;0.00;0.00;100.00;20.86;-106.17;100.00,
03.23.2017 23:00:00;NN(100000);NDIYK06;WSU6483;6483;WSU6483D;64837;80.36;92.02;80.36;100.00;94.94;96.92;80.00;95.24;99.61;99.83;0.00;6.67;0.12;3;99.87;;0.80;0.33;100.00;1.77;95.45;99.46;3.08;93.75;85.71;0.00;0.00;99.87;21.10;-103.72;83.01,
03.23.2017 23:00:00;NN(100000);NDIYK06;WSU6483;6483;WSU6483G;64838;100.00;92.20;100.00;100.00;92.20;100.00;100.00;92.16;99.90;99.91;0.00;0.00;0.54;0;100.00;100.00;0.57;0.20;100.00;4.68;92.31;99.88;0.00;100.00;100.00;0.00;100.00;100.00;17.32;-105.62;96.59,
03.23.2017 23:00:00;NN(100000);NDIYK06;WSU6483;6483;WSU6483H;64839;100.00;75.90;100.00;100.00;81.74;92.86;100.00;82.35;99.46;99.54;0.00;0.00;0.43;7;100.00;;0.01;0.16;100.00;3.57;82.35;99.26;7.14;100.00;100.00;0.00;0.00;100.00;21.23;-105.95;100.00,
03.23.2017 23:00:00;NN(100000);NDIYK06;WSU6483;6483;WSU6483L;59493;100.00;87.50;100.00;100.00;87.50;100.00;100.00;87.50;100.00;100.00;;0.00;0.00;0;100.00;;0.00;0.03;100.00;0.00;87.50;100.00;0.00;100.00;100.00;0.00;100.00;100.00;25.06;-106.12;100.00,
03.23.2017 23:00:00;NN(100000);NDIYK06;WSU6483;6483;WSU6483J;59491;100.00;90.94;100.00;100.00;90.94;100.00;100.00;92.86;98.84;99.10;0.00;0.00;0.50;0;100.00;;0.02;0.20;100.00;0.00;92.31;98.52;0.00;100.00;100.00;0.00;0.00;100.00;16.95;-106.10;98.09,
03.23.2017 23:00:00;NN(100000);NDIYK06;WSU6483;6483;WSU6483A;64836;93.74;91.27;93.74;100.00;95.17;95.90;93.33;96.56;99.31;99.35;0.00;1.16;0.05;4;99.81;80.00;0.44;0.71;100.00;3.88;96.49;98.64;4.10;97.56;96.08;0.00;100.00;99.81;23.00;-100.20;85.96,
